# This file uses centimeters as units for non-parametric coordinates.

mtllib CaveWall.mtl
g default
v -7.706391 -0.297064 -0.789676
v -5.715915 -0.337259 -0.111815
v -7.907151 0.121359 -0.678823
v -5.719022 -0.008836 -0.130804
v -7.849684 0.109560 -1.085326
v -5.356939 -0.123585 -0.584459
v -7.759314 -0.417886 -1.024907
v -5.532405 -0.443478 -0.621793
v -6.618315 -0.410166 -0.582432
v -6.755244 0.117416 -0.619406
v -6.569534 -0.720974 -0.679176
v -7.138948 -0.376221 -0.566247
v -7.331078 0.189069 -0.827924
v -7.114601 -0.639017 -0.964498
v -6.233188 -0.363809 -0.165584
v -6.186899 0.041087 -0.322401
v -6.126149 -0.544854 -0.620992
v -7.523216 1.190407 -0.350343
v -7.063771 1.381313 -0.151788
v -8.204116 0.711921 -0.943692
v -6.513019 1.404904 -0.067940
v -6.057441 0.972089 -0.004024
v -5.694459 0.811704 -0.024339
v -5.286394 0.428081 -0.722654
v -7.295720 1.860559 0.211915
v -6.722064 2.088635 0.502946
v -8.077741 1.344424 -0.727718
v -6.328813 2.287710 0.367392
v -5.903774 1.754253 0.177450
v -5.627692 1.384525 0.059762
v -5.369261 1.136300 -0.568304
v -7.267535 2.251916 0.410940
v -6.857337 2.420472 0.708410
v -7.303159 3.095646 0.344059
v -7.706798 2.367832 -0.190696
v -6.689244 2.836104 0.683170
v -6.806633 3.176765 -0.137399
v -6.455545 2.758042 0.673316
v -5.823826 2.922872 -0.266742
v -5.898962 2.547993 0.532341
v -5.656236 2.573480 -0.437786
v -8.019482 -0.570229 -1.094504
v -7.363717 -0.333202 -1.280967
v -7.954656 0.212403 -1.246273
v -5.538341 -0.019498 -0.994537
v -5.565204 -0.302517 -0.952985
v -6.594356 -0.489933 -1.051635
v -6.119059 -0.320422 -0.992396
v -8.125270 0.798206 -1.189794
v -5.341926 0.600998 -0.930932
v -7.972308 1.318570 -1.118907
v -5.478446 1.150557 -1.091156
v -7.966335 2.220612 -0.846617
v -7.657855 3.059083 -0.420306
v -7.018034 3.186203 -0.481200
v -6.202903 2.808439 -0.771517
v -5.828275 2.117407 -0.986009
v -5.551593 0.221662 -1.095585
v -5.304990 0.082137 -0.724286
v -5.728112 0.355140 -0.114992
v -6.235685 0.499006 -0.226011
v -6.904432 0.644242 -0.501173
v -7.324075 0.600180 -0.689964
v -7.841393 0.471523 -0.652987
v -8.032030 0.450347 -0.925514
v -8.072261 0.502036 -1.140300
v -7.574963 -0.358852 -1.270355
v -7.323305 -0.525670 -1.045555
v -7.402908 -0.361609 -0.646820
v -7.518800 0.181174 -0.773937
v -7.520447 0.553025 -0.698561
v -7.237483 1.305763 -0.225394
v -6.966469 1.987374 0.388112
v -7.037468 2.390549 0.618013
v -7.455287 2.932845 0.263901
v -7.770677 2.829476 -0.570619
v -7.893543 0.095221 -0.927055
v -7.735549 -0.397740 -0.971483
v -7.332869 -0.521673 -0.930965
v -7.140749 -0.616362 -0.841067
v -6.576719 -0.659581 -0.629031
v -6.133393 -0.525487 -0.458232
v -5.557205 -0.453399 -0.449668
v -5.400632 -0.146021 -0.404112
v -5.296134 0.071184 -0.526535
v -5.273878 0.418717 -0.530377
v -5.325311 1.104732 -0.386627
v -5.484326 2.681555 -0.023155
v -5.696737 3.080556 0.167881
v -6.680617 3.218940 0.140777
v -7.169267 2.958371 0.499424
v -7.311680 2.826994 0.428208
v -7.521420 2.411142 0.192894
v -7.755801 1.646300 -0.192834
v -8.048605 0.757775 -0.857477
v -8.015738 0.441928 -0.815274
vt 0.286373 0.812845
vt 0.432907 0.806268
vt 0.284350 0.843082
vt 0.430958 0.818341
vt 0.261511 0.837837
vt 0.465457 0.798867
vt 0.265079 0.796708
vt 0.460455 0.785347
vt 0.372745 0.802804
vt 0.359478 0.830113
vt 0.375127 0.785707
vt 0.332578 0.805996
vt 0.320575 0.838402
vt 0.324692 0.780628
vt 0.406964 0.806566
vt 0.400706 0.824452
vt 0.414695 0.784700
vt 0.321086 0.896514
vt 0.352975 0.897872
vt 0.263992 0.881473
vt 0.384600 0.891598
vt 0.410040 0.869084
vt 0.430131 0.858657
vt 0.478460 0.822407
vt 0.351296 0.925103
vt 0.384145 0.925612
vt 0.273794 0.918025
vt 0.404036 0.923380
vt 0.419533 0.901770
vt 0.433166 0.885585
vt 0.468915 0.868005
vt 0.361533 0.938261
vt 0.384043 0.936613
vt 0.377668 0.957941
vt 0.319429 0.959158
vt 0.395340 0.944559
vt 0.402685 0.941206
vt 0.458108 0.953616
vt 0.409036 0.968627
vt 0.421366 0.932548
vt 0.466714 0.941589
vt 0.250839 0.795460
vt 0.275625 0.762025
vt 0.250839 0.846622
vt 0.494512 0.762025
vt 0.494512 0.780388
vt 0.370779 0.762025
vt 0.429885 0.762025
vt 0.250839 0.887241
vt 0.494512 0.826755
vt 0.250839 0.922230
vt 0.494512 0.864368
vt 0.250839 0.982503
vt 0.344195 0.982503
vt 0.494512 0.982503
vt 0.405772 0.982503
vt 0.494512 0.930427
vt 0.494512 0.797122
vt 0.474689 0.804027
vt 0.429758 0.835384
vt 0.397645 0.846849
vt 0.353506 0.857951
vt 0.325047 0.859101
vt 0.290963 0.862293
vt 0.266884 0.863541
vt 0.250839 0.867736
vt 0.250839 0.762025
vt 0.299018 0.779070
vt 0.312430 0.807636
vt 0.308459 0.839640
vt 0.312460 0.860010
vt 0.341368 0.897135
vt 0.370920 0.924973
vt 0.376731 0.937953
vt 0.366625 0.958686
vt 0.316306 0.982503
vt 0.271043 0.839062
vt 0.270971 0.800094
vt 0.304980 0.787063
vt 0.326096 0.787165
vt 0.375509 0.789509
vt 0.412205 0.792720
vt 0.449678 0.792840
vt 0.454575 0.804183
vt 0.463927 0.809933
vt 0.466498 0.826719
vt 0.459196 0.867748
vt 0.447730 0.938785
vt 0.440227 0.944944
vt 0.407410 0.959728
vt 0.380497 0.952806
vt 0.371801 0.952619
vt 0.346945 0.949090
vt 0.314782 0.924925
vt 0.273468 0.882722
vt 0.274535 0.863026
vn -0.068881 -0.005812 0.997608
vn -0.058935 0.190659 0.979886
vn -0.060109 0.169998 0.983609
vn -0.068881 -0.005812 0.997608
vn -0.659952 -0.073112 0.747742
vn -0.588500 -0.012629 0.808399
vn -0.682986 0.045252 0.729028
vn -0.780751 -0.010076 0.624761
vn -0.319909 -0.874905 0.363592
vn -0.368906 -0.857627 0.358307
vn -0.361166 -0.798183 0.482144
vn -0.336182 -0.834132 0.437270
vn 0.729141 -0.203300 0.653469
vn 0.825882 -0.332261 0.455545
vn 0.797470 -0.288583 0.529869
vn 0.729141 -0.203300 0.653469
vn -0.937967 -0.339195 0.071865
vn -0.949970 -0.311161 0.027118
vn -0.911774 -0.383808 0.146148
vn -0.911774 -0.383808 0.146148
vn -0.325343 0.182318 0.927854
vn -0.394120 0.165676 0.904003
vn -0.440423 0.170438 0.881464
vn -0.501880 0.146842 0.852381
vn 0.406419 0.841099 0.356898
vn 0.087074 0.975414 0.202452
vn 0.010669 0.711596 0.702507
vn 0.314740 0.629494 0.710405
vn -0.254059 -0.607387 0.752685
vn -0.147057 -0.734901 0.662039
vn -0.073399 -0.879708 0.469815
vn -0.013264 -0.878890 0.476840
vn -0.111835 0.256793 0.959974
vn -0.128116 0.239931 0.962299
vn -0.249362 0.568165 0.784224
vn -0.349361 0.318458 0.881210
vn -0.247286 -0.628624 0.737348
vn -0.296025 -0.762076 0.575855
vn -0.229280 0.239670 0.943392
vn -0.229280 0.239670 0.943392
vn 0.805580 0.546091 0.229836
vn 0.570733 0.305018 0.762383
vn 0.089715 -0.950758 0.296664
vn 0.057539 -0.904667 0.422216
vn 0.221772 -0.154651 0.962756
vn 0.196494 -0.193024 0.961318
vn 0.085784 -0.400579 0.912238
vn 0.140584 -0.310256 0.940201
vn -0.822292 -0.094951 0.561088
vn -0.955620 -0.269151 0.119784
vn -0.913805 -0.148648 0.377974
vn -0.745430 -0.018681 0.666323
vn -0.443739 -0.275095 0.852888
vn -0.443739 -0.275095 0.852888
vn -0.421525 -0.275702 0.863890
vn -0.420598 -0.275723 0.864334
vn -0.361111 -0.296260 0.884211
vn -0.361111 -0.296260 0.884211
vn -0.251796 -0.415638 0.873982
vn -0.302115 -0.362947 0.881474
vn -0.320043 -0.150237 0.935415
vn -0.320043 -0.150237 0.935415
vn -0.273459 -0.197062 0.941481
vn -0.240898 -0.228596 0.943246
vn 0.680823 0.022529 0.732102
vn 0.734823 -0.015987 0.678071
vn 0.815678 -0.092527 0.571058
vn 0.680693 -0.093111 0.726628
vn -0.132841 -0.622121 0.771569
vn -0.125431 -0.626038 0.769638
vn -0.073859 -0.651897 0.754702
vn -0.132841 -0.622121 0.771569
vn -0.437057 -0.456335 0.775074
vn -0.684448 -0.234211 0.690418
vn -0.407510 -0.476956 0.778748
vn -0.407510 -0.476956 0.778748
vn -0.200601 -0.304273 0.931223
vn -0.200601 -0.304273 0.931223
vn -0.200602 -0.304273 0.931223
vn -0.200601 -0.304273 0.931223
vn 0.183475 -0.596382 0.781451
vn 0.183475 -0.596382 0.781451
vn 0.183475 -0.596382 0.781451
vn 0.183475 -0.596382 0.781451
vn 0.046023 -0.199340 0.978849
vn 0.046023 -0.199340 0.978849
vn 0.046023 -0.199340 0.978849
vn 0.046023 -0.199340 0.978849
vn 0.744488 -0.127682 0.655313
vn 0.950487 -0.009378 0.310624
vn 0.844907 -0.082073 0.528580
vn 0.744488 -0.127682 0.655313
vn -0.342567 -0.460530 0.818877
vn -0.322572 -0.475364 0.818521
vn -0.255907 -0.521734 0.813821
vn -0.342567 -0.460530 0.818877
vn -0.768629 -0.100328 0.631778
vn -0.856179 0.013397 0.516506
vn -0.629144 -0.232280 0.741771
vn -0.629144 -0.232280 0.741771
vn -0.304182 -0.575654 0.759009
vn -0.304182 -0.575654 0.759009
vn -0.304182 -0.575654 0.759009
vn -0.304182 -0.575654 0.759009
vn 0.487793 -0.224801 0.843518
vn 0.487793 -0.224801 0.843518
vn 0.487793 -0.224801 0.843518
vn 0.487793 -0.224801 0.843518
vn -0.000615 -0.408168 0.912907
vn -0.000615 -0.408168 0.912907
vn -0.000615 -0.408168 0.912907
vn -0.000615 -0.408168 0.912907
vn 0.808506 -0.051893 0.586196
vn 0.992215 0.094344 0.081298
vn 0.936390 0.021280 0.350315
vn 0.808506 -0.051893 0.586196
vn 0.004550 -0.901759 -0.432216
vn -0.008993 -0.878994 -0.476749
vn 0.075390 -0.980902 -0.179297
vn 0.075390 -0.980902 -0.179297
vn -0.541722 0.124088 0.831348
vn -0.541722 0.124088 0.831348
vn -0.541722 0.124088 0.831348
vn -0.541722 0.124088 0.831348
vn 0.885555 -0.299664 -0.354956
vn 0.885555 -0.299664 -0.354956
vn 0.885555 -0.299664 -0.354956
vn 0.885555 -0.299664 -0.354956
vn 0.360835 -0.791517 -0.493254
vn 0.360835 -0.791517 -0.493254
vn 0.360834 -0.791517 -0.493254
vn 0.360835 -0.791517 -0.493254
vn 0.111466 -0.761894 -0.638038
vn 0.111466 -0.761894 -0.638038
vn 0.111466 -0.761894 -0.638038
vn 0.111466 -0.761894 -0.638038
vn 0.107055 -0.880487 -0.461825
vn 0.107055 -0.880487 -0.461825
vn 0.107055 -0.880487 -0.461825
vn 0.107055 -0.880487 -0.461825
vn -0.869488 -0.473295 0.141358
vn -0.897408 -0.441119 -0.008545
vn -0.899065 -0.437147 -0.024163
vn -0.869488 -0.473295 0.141358
vn 0.826170 -0.205591 -0.524572
vn 0.805861 -0.265865 -0.529059
vn 0.769704 -0.353269 -0.531749
vn 0.769704 -0.353269 -0.531749
vn -0.927726 0.284816 -0.241256
vn -0.927726 0.284816 -0.241256
vn -0.927726 0.284816 -0.241256
vn -0.927726 0.284816 -0.241256
vn 0.969988 0.168369 -0.175427
vn 0.969988 0.168369 -0.175427
vn 0.969988 0.168369 -0.175427
vn 0.969988 0.168369 -0.175427
vn -0.982505 0.141375 0.121228
vn -0.982505 0.141375 0.121228
vn -0.982505 0.141375 0.121228
vn -0.982505 0.141375 0.121228
vn -0.930952 0.146455 0.334485
vn -0.899620 0.282599 0.332897
vn -0.924898 0.180385 0.334701
vn -0.930952 0.146455 0.334485
vn 0.255653 0.921639 -0.291930
vn 0.255653 0.921639 -0.291930
vn 0.255653 0.921639 -0.291930
vn 0.255653 0.921639 -0.291930
vn -0.154602 0.986454 0.054831
vn -0.154602 0.986454 0.054831
vn -0.154601 0.986454 0.054831
vn -0.154601 0.986454 0.054831
vn 0.897343 0.271784 -0.347720
vn 0.897343 0.271784 -0.347720
vn 0.897343 0.271784 -0.347720
vn 0.897343 0.271784 -0.347720
vn 0.595824 0.533096 -0.600668
vn 0.595824 0.533096 -0.600668
vn 0.595824 0.533096 -0.600668
vn 0.595824 0.533096 -0.600668
vn 0.842643 -0.146394 -0.518191
vn 0.842643 -0.146394 -0.518191
vn 0.773171 -0.120236 0.622696
vn 0.679020 -0.125305 0.723347
vn -0.193535 -0.272815 0.942399
vn -0.193535 -0.272815 0.942399
vn -0.404824 -0.276043 0.871733
vn -0.404824 -0.276043 0.871733
vn -0.211202 -0.455579 0.864778
vn -0.211202 -0.455579 0.864778
vn 0.006278 -0.534598 0.845083
vn 0.040665 -0.478908 0.876923
vn -0.699352 -0.011364 0.714687
vn -0.694900 0.010629 0.719028
vn -0.901885 -0.387217 -0.191485
vn -0.901885 -0.387217 -0.191485
vn -0.057404 -0.777718 -0.625987
vn -0.057404 -0.777718 -0.625987
vn 0.150084 -0.260868 0.953637
vn 0.027149 -0.497544 0.867014
vn -0.003324 -0.549634 0.835399
vn -0.059533 -0.658649 0.750092
vn -0.059533 -0.658649 0.750092
vn -0.223827 -0.542439 0.809730
vn -0.223827 -0.542438 0.809730
vn -0.861110 0.389474 0.326802
vn -0.861110 0.389474 0.326802
vn -0.967779 -0.236892 -0.085361
vn -0.967779 -0.236892 -0.085361
vn -0.266415 -0.950634 0.159119
vn -0.343416 -0.932473 0.112072
vn -0.387819 -0.902233 0.188603
vn -0.132452 -0.914743 0.381708
vn 0.179527 -0.969065 0.169363
vn 0.146264 -0.988359 0.041872
vn 0.869916 -0.477031 0.125253
vn 0.869916 -0.477031 0.125253
vn 0.947685 -0.313590 0.059625
vn 0.992102 -0.121970 -0.029269
vn 0.996597 -0.058893 -0.057679
vn 0.983123 0.123547 -0.134925
vn 0.983123 0.123547 -0.134925
vn 0.914287 0.193605 -0.355805
vn 0.914287 0.193605 -0.355805
vn 0.459749 0.795478 -0.394773
vn 0.706916 0.564878 -0.425656
vn 0.138531 0.957471 -0.253097
vn -0.200152 0.906566 0.371587
vn -0.817431 0.083228 0.569983
vn -0.854791 0.037910 0.517587
vn -0.882999 0.058590 0.465704
vn -0.882999 0.058590 0.465704
vn -0.727519 -0.182423 0.661390
vn -0.727519 -0.182423 0.661391
vn -0.923415 -0.317370 0.215827
vn -0.721679 -0.186446 0.666646
vn -0.924492 -0.359978 -0.125423
s 1
g pasted__pCube1 group2
usemtl initialShadingGroup
f 1/1/1 69/69/2 70/70/3 3/3/4
s 2
f 32/32/5 74/74/6 92/92/7 93/93/8
s 3
f 78/78/9 79/79/10 69/69/11 1/1/12
s 4
f 2/2/13 83/83/14 84/84/15 4/4/16
s 5
f 77/77/17 78/78/18 1/1/19 3/3/20
s 1
f 10/10/21 9/9/22 15/15/23 16/16/24
s 2
f 89/89/25 90/90/26 36/36/27 38/37/28
s 3
f 9/9/29 81/81/30 82/82/31 15/15/32
s 1
f 13/13/33 12/12/34 9/9/22 10/10/21
s 2
f 90/90/26 91/91/35 33/33/36 36/36/27
s 3
f 12/12/37 80/80/38 81/81/30 9/9/29
s 1
f 16/16/24 15/15/23 2/2/39 4/4/40
s 2
f 88/88/41 89/89/25 38/37/28 40/40/42
s 3
f 15/15/32 82/82/31 83/83/43 2/2/44
s 9
f 3/3/45 70/70/46 71/71/47 64/64/48
s 10
f 96/96/49 77/77/50 3/3/51 64/64/52
s 11
f 10/10/53 16/16/54 61/61/55 62/62/56
s 12
f 13/13/57 10/10/58 62/62/59 63/63/60
s 13
f 16/16/61 4/4/62 60/60/63 61/61/64
s 14
f 4/4/65 84/84/66 85/85/67 60/60/68
s 15
f 18/18/69 72/72/70 73/73/71 25/25/72
s 16
f 94/94/73 95/95/74 18/18/75 25/25/76
s off
f 21/21/77 22/22/78 29/29/79 28/28/80
f 19/19/81 21/21/82 28/28/83 26/26/84
f 22/22/85 23/23/86 30/30/87 29/29/88
s 17
f 23/23/89 86/86/90 87/87/91 30/30/92
s 18
f 25/25/93 73/73/94 74/74/95 32/32/96
s 19
f 93/93/97 94/94/98 25/25/99 32/32/100
s off
f 28/28/101 29/29/102 38/37/103 36/36/104
f 26/26/105 28/28/106 36/36/107 33/33/108
f 29/29/109 30/30/110 40/40/111 38/37/112
s 20
f 30/30/113 87/87/114 88/88/115 40/40/116
s 21
f 67/67/117 68/68/118 7/7/119 42/42/120
s off
f 7/7/121 5/5/122 44/44/123 42/42/124
f 6/6/125 8/8/126 46/45/127 45/46/128
f 17/17/129 11/11/130 47/47/131 48/48/132
f 11/11/133 14/14/134 43/43/135 47/47/136
f 8/8/137 17/17/138 48/48/139 46/45/140
s 22
f 5/5/141 65/65/142 66/66/143 44/44/144
s 23
f 58/58/145 59/59/146 6/6/147 45/46/148
s off
f 20/20/149 27/27/150 51/51/151 49/49/152
f 31/31/153 24/24/154 50/50/155 52/52/156
f 27/27/157 35/35/158 53/53/159 51/51/160
s 24
f 35/35/161 75/75/162 76/76/163 53/53/164
s off
f 37/39/165 39/38/166 56/55/167 55/56/168
f 34/34/169 37/39/170 55/56/171 54/54/172
f 41/41/173 31/31/174 52/52/175 57/57/176
f 39/38/177 41/41/178 57/57/179 56/55/180
s 23
f 24/24/181 59/59/146 58/58/145 50/50/182
s 14
f 60/60/68 85/85/67 86/86/183 23/23/184
s 13
f 61/61/64 60/60/63 23/23/185 22/22/186
s 11
f 62/62/56 61/61/55 22/22/187 21/21/188
s 12
f 63/63/60 62/62/59 21/21/189 19/19/190
s 9
f 64/64/48 71/71/47 72/72/191 18/18/192
s 10
f 95/95/193 96/96/49 64/64/52 18/18/194
s 22
f 66/66/143 65/65/142 20/20/195 49/49/196
s 21
f 14/14/197 68/68/118 67/67/117 43/43/198
s 3
f 69/69/11 79/79/10 80/80/38 12/12/37
s 1
f 70/70/3 69/69/2 12/12/34 13/13/33
s 9
f 71/71/47 70/70/46 13/13/199 63/63/200
f 72/72/191 71/71/47 63/63/200 19/19/201
s 15
f 73/73/71 72/72/70 19/19/202 26/26/203
s 18
f 74/74/95 73/73/94 26/26/204 33/33/205
s 2
f 91/91/35 92/92/7 74/74/6 33/33/36
s 24
f 76/76/163 75/75/162 34/34/206 54/54/207
s 5
f 7/7/208 78/78/18 77/77/17 5/5/209
s 3
f 7/7/210 68/68/211 79/79/10 78/78/9
f 80/80/38 79/79/10 68/68/211 14/14/212
f 81/81/30 80/80/38 14/14/212 11/11/213
f 82/82/31 81/81/30 11/11/213 17/17/214
f 83/83/43 82/82/31 17/17/214 8/8/215
s 4
f 84/84/15 83/83/14 8/8/216 6/6/217
s 14
f 85/85/67 84/84/66 6/6/218 59/59/219
f 86/86/183 85/85/67 59/59/219 24/24/220
s 17
f 87/87/91 86/86/90 24/24/221 31/31/222
s 20
f 88/88/115 87/87/114 31/31/223 41/41/224
s 2
f 39/38/225 89/89/25 88/88/41 41/41/226
f 37/39/227 90/90/26 89/89/25 39/38/225
f 34/34/228 91/91/35 90/90/26 37/39/227
f 75/75/229 92/92/7 91/91/35 34/34/228
f 93/93/8 92/92/7 75/75/229 35/35/230
s 19
f 27/27/231 94/94/98 93/93/97 35/35/232
s 16
f 20/20/233 95/95/74 94/94/73 27/27/234
s 10
f 65/65/235 96/96/49 95/95/193 20/20/236
f 5/5/237 77/77/50 96/96/49 65/65/235
g default
v -1.067368 -0.602285 6.739767
v 2.220209 -0.427671 6.447728
v -1.196076 -0.272672 6.846424
v 2.183188 -0.134096 6.302163
v -1.325352 -0.351333 6.307026
v 2.387117 -0.243786 5.834789
v -1.245782 -0.707933 6.435522
v 2.341519 -0.541068 5.859631
v 0.856643 -0.358893 6.573783
v 0.764914 0.234515 6.523331
v 0.795533 -0.700260 6.500633
v -0.044835 -0.415073 6.888903
v -0.304577 -0.053620 6.637140
v -0.276326 -0.770989 6.492897
v 1.501947 -0.431605 6.634853
v 1.619879 -0.110654 6.163574
v 1.482044 -0.632029 6.059820
v -0.943070 1.034336 7.136601
v -0.519715 1.439334 7.213146
v -1.704997 0.365561 6.295254
v 0.371120 1.568195 6.976921
v 1.420642 0.894850 6.611906
v 1.817059 0.635695 6.426570
v 1.801919 0.260071 5.426966
v -1.246959 2.290873 7.654894
v -0.466218 2.531983 8.100656
v -1.595219 1.170357 6.503346
v 0.664737 2.382407 7.786523
v 1.791636 1.546457 6.894386
v 1.983236 1.197665 6.652825
v 1.955194 0.930911 5.559968
v -1.231202 2.847615 7.947986
v -0.506232 2.987495 8.310560
v -1.009806 3.623307 7.759041
v -1.705770 2.836214 7.073800
v 0.395594 3.070250 8.285665
v -0.250879 3.419517 7.036265
v 0.972975 2.818359 8.075862
v 1.341917 2.808941 6.309884
v 1.911029 2.391304 7.202418
v 2.080660 2.480926 6.044504
v -1.430275 -0.790953 6.259425
v -0.788047 -0.628860 6.141646
v -1.468396 -0.245840 5.953791
v 1.758410 -0.152104 5.218524
v 1.971652 -0.411652 5.429461
v 0.666017 -0.508938 6.143881
v 1.283495 -0.419601 5.566555
v -1.633522 0.456164 5.976135
v 1.594661 0.438395 5.123263
v -1.390374 1.148018 6.061505
v 1.615237 1.010488 5.040994
v -1.451953 2.385446 6.287254
v -1.125702 3.315334 6.898699
v -0.326717 3.373383 6.628749
v 0.916400 2.741527 5.995517
v 1.795187 2.033697 5.790850
v 1.459941 0.084547 5.066852
v 2.088834 -0.058578 5.561556
v 2.015455 0.193590 6.239488
v 1.479340 0.360878 6.262081
v 0.435310 0.822527 6.608961
v -0.313591 0.516844 6.778877
v -1.085524 0.092946 6.939336
v -1.452250 -0.018466 6.423221
v -1.582362 0.041645 6.037075
v -1.084389 -0.668574 6.152830
v -0.652265 -0.749184 6.442483
v -0.535974 -0.555770 6.922615
v -0.620270 -0.174111 6.776131
v -0.622206 0.300475 6.880693
v -0.686762 1.286546 7.209867
v -0.832465 2.442419 7.991744
v -0.834932 2.984995 8.249199
v -1.235593 3.464335 7.681060
v -1.295690 3.117456 6.684860
v -1.311564 -0.352865 6.516055
v -1.201915 -0.692219 6.506914
v -0.611613 -0.736205 6.583056
v -0.259503 -0.736309 6.634614
v 0.820892 -0.632814 6.541580
v 1.540496 -0.614285 6.242838
v 2.383279 -0.547518 6.055405
v 2.462191 -0.260178 6.058300
v 2.276858 -0.064801 5.857128
v 1.964898 0.251537 5.729105
v 2.069639 0.898170 5.863336
v 2.210327 2.532833 6.455831
v 1.399300 2.983036 6.786310
v -0.184402 3.487984 7.403422
v -0.815162 3.521686 7.955232
v -1.079349 3.417292 7.892650
v -1.545437 3.001120 7.554562
v -1.550739 1.744169 7.070096
v -1.526856 0.403934 6.468634
v -1.393395 -0.008248 6.599987
vt 0.084068 0.185155
vt 0.281384 0.186493
vt 0.084710 0.210345
vt 0.283106 0.197377
vt 0.048010 0.189944
vt 0.305349 0.178692
vt 0.057220 0.161784
vt 0.305612 0.170135
vt 0.212607 0.193160
vt 0.209183 0.229418
vt 0.209049 0.169093
vt 0.150375 0.194314
vt 0.143404 0.221699
vt 0.131255 0.162750
vt 0.250240 0.187053
vt 0.258355 0.209822
vt 0.263657 0.161707
vt 0.116740 0.300234
vt 0.146926 0.313866
vt 0.044723 0.258415
vt 0.192197 0.306230
vt 0.244839 0.271822
vt 0.269398 0.255578
vt 0.322493 0.213122
vt 0.128179 0.372364
vt 0.165330 0.371104
vt 0.055467 0.325329
vt 0.206233 0.352779
vt 0.259423 0.312440
vt 0.270453 0.294335
vt 0.317990 0.271963
vt 0.142761 0.391395
vt 0.168859 0.384845
vt 0.156777 0.408969
vt 0.100555 0.418589
vt 0.197063 0.380000
vt 0.217183 0.372061
vt 0.311604 0.409942
vt 0.195336 0.425928
vt 0.264022 0.354619
vt 0.314467 0.369180
vt 0.028472 0.138896
vt 0.085277 0.138896
vt 0.028472 0.195193
vt 0.336318 0.138896
vt 0.336318 0.167508
vt 0.206930 0.138896
vt 0.277807 0.138896
vt 0.028472 0.261942
vt 0.336318 0.224696
vt 0.028472 0.328325
vt 0.336318 0.266414
vt 0.028472 0.441561
vt 0.130881 0.441561
vt 0.336318 0.441561
vt 0.203946 0.441561
vt 0.336318 0.358836
vt 0.336318 0.197082
vt 0.317622 0.184146
vt 0.280220 0.218594
vt 0.250542 0.235246
vt 0.193586 0.264315
vt 0.148368 0.255401
vt 0.095671 0.237069
vt 0.054477 0.224582
vt 0.028472 0.223990
vt 0.060329 0.138896
vt 0.102803 0.159824
vt 0.120280 0.190859
vt 0.121760 0.216001
vt 0.126387 0.247067
vt 0.135532 0.309937
vt 0.150881 0.372529
vt 0.159498 0.388110
vt 0.148150 0.411254
vt 0.101727 0.441561
vt 0.062216 0.196504
vt 0.064396 0.167699
vt 0.108948 0.168728
vt 0.133369 0.171239
vt 0.210479 0.174494
vt 0.260635 0.169825
vt 0.297876 0.176260
vt 0.297295 0.183476
vt 0.303051 0.189991
vt 0.307568 0.217169
vt 0.303128 0.271012
vt 0.296669 0.365220
vt 0.279093 0.393171
vt 0.191233 0.413360
vt 0.163308 0.403385
vt 0.154264 0.404305
vt 0.126222 0.407960
vt 0.091896 0.355305
vt 0.058040 0.263157
vt 0.066469 0.227825
vn -0.104276 0.024445 0.994248
vn -0.050548 0.218456 0.974537
vn -0.015801 0.335577 0.941880
vn -0.104276 0.024445 0.994248
vn -0.674476 0.247358 0.695626
vn -0.474593 0.374975 0.796338
vn -0.587274 0.412323 0.696491
vn -0.787847 0.391235 0.475639
vn -0.095828 -0.934923 0.341665
vn -0.033590 -0.901799 0.430849
vn 0.049812 -0.823973 0.564435
vn -0.103186 -0.884217 0.455536
vn 0.832231 0.074901 0.549346
vn 0.966698 -0.040200 0.252744
vn 0.945746 -0.013797 0.324615
vn 0.832231 0.074901 0.549346
vn -0.856119 -0.329946 0.397739
vn -0.874876 -0.314120 0.368675
vn -0.803839 -0.367394 0.467831
vn -0.803839 -0.367394 0.467831
vn 0.209546 0.400498 0.892016
vn 0.214493 0.404401 0.889074
vn 0.212352 0.555938 0.803641
vn 0.205373 0.562819 0.800661
vn 0.421461 0.905693 0.045720
vn 0.308369 0.940423 0.143223
vn 0.318271 0.888716 0.329981
vn 0.426357 0.874892 0.229746
vn 0.173047 -0.565597 0.806322
vn 0.171559 -0.660744 0.730742
vn 0.139718 -0.921722 0.361812
vn 0.119455 -0.810794 0.573013
vn 0.127110 0.364565 0.922462
vn 0.101220 0.397803 0.911870
vn 0.089610 0.841353 0.533006
vn 0.101832 0.799826 0.591531
vn 0.190732 -0.581574 0.790818
vn 0.152896 -0.704471 0.693068
vn 0.037543 0.705471 0.707744
vn 0.037543 0.705471 0.707744
vn 0.498362 0.866621 0.024576
vn 0.592178 0.738626 0.322114
vn 0.114480 -0.975920 0.185674
vn 0.134049 -0.912526 0.386428
vn 0.190877 -0.247907 0.949794
vn 0.283046 -0.233283 0.930303
vn 0.275297 -0.253603 0.927306
vn 0.176853 -0.254337 0.950808
vn -0.788639 -0.085408 0.608896
vn -0.894616 -0.217639 0.390251
vn -0.827765 -0.103818 0.551387
vn -0.751234 -0.037867 0.658949
vn 0.344983 -0.010034 0.938555
vn 0.344983 -0.010034 0.938555
vn 0.267807 -0.146504 0.952269
vn 0.073931 -0.434181 0.897787
vn 0.195238 -0.133625 0.971610
vn 0.195238 -0.133625 0.971610
vn 0.281918 -0.302981 0.910343
vn 0.249875 -0.239196 0.938269
vn -0.120027 -0.090622 0.988626
vn -0.120027 -0.090622 0.988626
vn -0.097605 -0.198585 0.975211
vn -0.051523 -0.397500 0.916154
vn 0.738017 0.625656 0.252756
vn 0.759531 0.626222 0.175951
vn 0.808300 0.581966 -0.089249
vn 0.814720 0.578321 0.042146
vn -0.217219 -0.494167 0.841793
vn -0.165320 -0.514343 0.841499
vn 0.006631 -0.568764 0.822474
vn -0.217219 -0.494167 0.841793
vn -0.558578 -0.380808 0.736869
vn -0.811820 -0.224612 0.538979
vn -0.537592 -0.390184 0.747496
vn -0.537592 -0.390184 0.747496
vn 0.036792 -0.607717 0.793301
vn 0.036792 -0.607717 0.793301
vn 0.036792 -0.607717 0.793301
vn 0.036792 -0.607717 0.793301
vn 0.188131 -0.671845 0.716401
vn 0.188131 -0.671845 0.716401
vn 0.188131 -0.671845 0.716401
vn 0.188131 -0.671845 0.716401
vn 0.176155 -0.445863 0.877597
vn 0.176155 -0.445863 0.877597
vn 0.176155 -0.445863 0.877597
vn 0.176155 -0.445863 0.877597
vn 0.916717 -0.288066 0.276854
vn 0.975762 -0.200724 -0.087165
vn 0.963495 -0.249204 0.097845
vn 0.916717 -0.288066 0.276854
vn -0.480618 -0.388030 0.786409
vn -0.419748 -0.399055 0.815210
vn -0.289830 -0.415740 0.862067
vn -0.480618 -0.388029 0.786409
vn -0.859008 -0.202408 0.470251
vn -0.935008 -0.150007 0.321337
vn -0.773321 -0.242216 0.585923
vn -0.773321 -0.242216 0.585923
vn 0.120686 -0.606770 0.785662
vn 0.120686 -0.606770 0.785662
vn 0.120686 -0.606770 0.785662
vn 0.120686 -0.606770 0.785662
vn 0.126731 -0.497805 0.857980
vn 0.126731 -0.497805 0.857980
vn 0.126731 -0.497805 0.857980
vn 0.126731 -0.497805 0.857980
vn 0.520838 -0.356421 0.775688
vn 0.520838 -0.356421 0.775688
vn 0.520838 -0.356421 0.775688
vn 0.520838 -0.356421 0.775688
vn 0.959071 -0.125684 0.253743
vn 0.997177 -0.043188 -0.061423
vn 0.989615 -0.089512 0.112472
vn 0.959071 -0.125684 0.253743
vn 0.063199 -0.970148 -0.234134
vn 0.057224 -0.953832 -0.294840
vn 0.075645 -0.992598 -0.095011
vn 0.075645 -0.992598 -0.095011
vn -0.838853 0.143345 0.525145
vn -0.838853 0.143345 0.525145
vn -0.838853 0.143345 0.525145
vn -0.838853 0.143345 0.525145
vn 0.712544 -0.080598 -0.696983
vn 0.712544 -0.080598 -0.696983
vn 0.712544 -0.080598 -0.696983
vn 0.712544 -0.080598 -0.696983
vn -0.175570 -0.913791 -0.366281
vn -0.175570 -0.913791 -0.366281
vn -0.175570 -0.913791 -0.366281
vn -0.175570 -0.913791 -0.366281
vn 0.068099 -0.877397 -0.474908
vn 0.068099 -0.877397 -0.474908
vn 0.068099 -0.877397 -0.474908
vn 0.068099 -0.877397 -0.474908
vn -0.013903 -0.940470 -0.339592
vn -0.013903 -0.940470 -0.339592
vn -0.013903 -0.940470 -0.339592
vn -0.013903 -0.940470 -0.339592
vn -0.879374 -0.415945 0.231712
vn -0.910654 -0.391951 0.130706
vn -0.915446 -0.386804 0.111090
vn -0.879374 -0.415945 0.231712
vn 0.697034 0.114117 -0.707899
vn 0.679593 0.190365 -0.708459
vn 0.667923 0.232859 -0.706864
vn 0.667923 0.232859 -0.706864
vn -0.911369 0.274964 -0.306270
vn -0.911369 0.274964 -0.306270
vn -0.911369 0.274964 -0.306270
vn -0.911369 0.274964 -0.306270
vn 0.815827 -0.090800 -0.571123
vn 0.815827 -0.090800 -0.571123
vn 0.815827 -0.090800 -0.571123
vn 0.815827 -0.090800 -0.571123
vn -0.930102 0.044832 -0.364554
vn -0.930102 0.044832 -0.364554
vn -0.930102 0.044832 -0.364554
vn -0.930102 0.044832 -0.364554
vn -0.730536 0.590214 -0.343460
vn -0.622032 0.733805 -0.273141
vn -0.720916 0.605563 -0.337007
vn -0.730536 0.590214 -0.343460
vn 0.249018 0.915186 -0.316900
vn 0.249018 0.915185 -0.316900
vn 0.249018 0.915186 -0.316900
vn 0.249018 0.915185 -0.316900
vn -0.074180 0.963336 -0.257839
vn -0.074180 0.963336 -0.257839
vn -0.074180 0.963336 -0.257839
vn -0.074180 0.963336 -0.257839
vn 0.694359 0.242591 -0.677506
vn 0.694359 0.242591 -0.677506
vn 0.694359 0.242591 -0.677506
vn 0.694359 0.242591 -0.677506
vn 0.170046 0.614954 -0.770010
vn 0.170046 0.614954 -0.770010
vn 0.170046 0.614954 -0.770010
vn 0.170046 0.614954 -0.770010
vn 0.703901 0.077219 -0.706089
vn 0.703901 0.077219 -0.706089
vn 0.810147 0.556526 -0.184228
vn 0.828840 0.559175 -0.018615
vn -0.028347 -0.487491 0.872668
vn -0.028347 -0.487491 0.872668
vn 0.033101 -0.486531 0.873036
vn 0.033101 -0.486531 0.873036
vn 0.314501 -0.369531 0.874377
vn 0.314501 -0.369532 0.874377
vn 0.367136 -0.287367 0.884665
vn 0.150672 -0.266129 0.952089
vn -0.749933 -0.055420 0.659188
vn -0.738349 -0.027907 0.673841
vn -0.934744 -0.355318 0.001786
vn -0.934744 -0.355318 0.001786
vn 0.047220 -0.919922 -0.389248
vn 0.047220 -0.919922 -0.389248
vn 0.445055 -0.201006 0.872653
vn 0.413287 -0.271325 0.869239
vn 0.404483 -0.289632 0.867471
vn 0.099863 -0.590484 0.800847
vn 0.099863 -0.590484 0.800847
vn -0.162121 -0.424106 0.890983
vn -0.162121 -0.424106 0.890983
vn -0.552557 0.801061 -0.230176
vn -0.552557 0.801061 -0.230176
vn -0.952458 -0.223436 0.207126
vn -0.952458 -0.223436 0.207126
vn -0.082400 -0.982698 0.165875
vn -0.072490 -0.982805 0.169821
vn 0.036937 -0.929565 0.366803
vn 0.145704 -0.912597 0.382017
vn 0.112183 -0.992437 0.049832
vn 0.093386 -0.995617 0.004979
vn 0.938761 -0.210182 -0.273039
vn 0.938761 -0.210183 -0.273039
vn 0.770515 0.520565 -0.367857
vn 0.743630 0.523437 -0.415967
vn 0.740196 0.523678 -0.421747
vn 0.902915 -0.091650 -0.419934
vn 0.902915 -0.091650 -0.419934
vn 0.945631 0.030480 -0.323809
vn 0.945631 0.030480 -0.323809
vn 0.289015 0.909548 -0.298652
vn 0.334359 0.894071 -0.298061
vn 0.199327 0.938786 -0.280980
vn 0.059305 0.993881 0.093182
vn -0.788700 0.498857 0.359296
vn -0.828964 0.472970 0.298526
vn -0.949902 -0.135807 0.281501
vn -0.949902 -0.135807 0.281501
vn -0.927341 -0.099061 0.360869
vn -0.927341 -0.099061 0.360869
vn -0.873768 -0.268721 0.405363
vn -0.797830 -0.201987 0.568040
vn -0.923438 -0.338118 0.181491
s 1
g pasted__pCube1 group
usemtl initialShadingGroup
f 97/97/238 165/165/239 166/166/240 99/99/241
s 2
f 128/128/242 170/170/243 188/188/244 189/189/245
s 3
f 174/174/246 175/175/247 165/165/248 97/97/249
s 4
f 98/98/250 179/179/251 180/180/252 100/100/253
s 5
f 173/173/254 174/174/255 97/97/256 99/99/257
s 1
f 106/106/258 105/105/259 111/111/260 112/112/261
s 2
f 185/185/262 186/186/263 132/132/264 134/133/265
s 3
f 105/105/266 177/177/267 178/178/268 111/111/269
s 1
f 109/109/270 108/108/271 105/105/259 106/106/258
s 2
f 186/186/263 187/187/272 129/129/273 132/132/264
s 3
f 108/108/274 176/176/275 177/177/267 105/105/266
s 1
f 112/112/261 111/111/260 98/98/276 100/100/277
s 2
f 184/184/278 185/185/262 134/133/265 136/136/279
s 3
f 111/111/269 178/178/268 179/179/280 98/98/281
s 9
f 99/99/282 166/166/283 167/167/284 160/160/285
s 10
f 192/192/286 173/173/287 99/99/288 160/160/289
s 11
f 106/106/290 112/112/291 157/157/292 158/158/293
s 12
f 109/109/294 106/106/295 158/158/296 159/159/297
s 13
f 112/112/298 100/100/299 156/156/300 157/157/301
s 14
f 100/100/302 180/180/303 181/181/304 156/156/305
s 15
f 114/114/306 168/168/307 169/169/308 121/121/309
s 16
f 190/190/310 191/191/311 114/114/312 121/121/313
s off
f 117/117/314 118/118/315 125/125/316 124/124/317
f 115/115/318 117/117/319 124/124/320 122/122/321
f 118/118/322 119/119/323 126/126/324 125/125/325
s 17
f 119/119/326 182/182/327 183/183/328 126/126/329
s 18
f 121/121/330 169/169/331 170/170/332 128/128/333
s 19
f 189/189/334 190/190/335 121/121/336 128/128/337
s off
f 124/124/338 125/125/339 134/133/340 132/132/341
f 122/122/342 124/124/343 132/132/344 129/129/345
f 125/125/346 126/126/347 136/136/348 134/133/349
s 20
f 126/126/350 183/183/351 184/184/352 136/136/353
s 21
f 163/163/354 164/164/355 103/103/356 138/138/357
s off
f 103/103/358 101/101/359 140/140/360 138/138/361
f 102/102/362 104/104/363 142/141/364 141/142/365
f 113/113/366 107/107/367 143/143/368 144/144/369
f 107/107/370 110/110/371 139/139/372 143/143/373
f 104/104/374 113/113/375 144/144/376 142/141/377
s 22
f 101/101/378 161/161/379 162/162/380 140/140/381
s 23
f 154/154/382 155/155/383 102/102/384 141/142/385
s off
f 116/116/386 123/123/387 147/147/388 145/145/389
f 127/127/390 120/120/391 146/146/392 148/148/393
f 123/123/394 131/131/395 149/149/396 147/147/397
s 24
f 131/131/398 171/171/399 172/172/400 149/149/401
s off
f 133/135/402 135/134/403 152/151/404 151/152/405
f 130/130/406 133/135/407 151/152/408 150/150/409
f 137/137/410 127/127/411 148/148/412 153/153/413
f 135/134/414 137/137/415 153/153/416 152/151/417
s 23
f 120/120/418 155/155/383 154/154/382 146/146/419
s 14
f 156/156/305 181/181/304 182/182/420 119/119/421
s 13
f 157/157/301 156/156/300 119/119/422 118/118/423
s 11
f 158/158/293 157/157/292 118/118/424 117/117/425
s 12
f 159/159/297 158/158/296 117/117/426 115/115/427
s 9
f 160/160/285 167/167/284 168/168/428 114/114/429
s 10
f 191/191/430 192/192/286 160/160/289 114/114/431
s 22
f 162/162/380 161/161/379 116/116/432 145/145/433
s 21
f 110/110/434 164/164/355 163/163/354 139/139/435
s 3
f 165/165/248 175/175/247 176/176/275 108/108/274
s 1
f 166/166/240 165/165/239 108/108/271 109/109/270
s 9
f 167/167/284 166/166/283 109/109/436 159/159/437
f 168/168/428 167/167/284 159/159/437 115/115/438
s 15
f 169/169/308 168/168/307 115/115/439 122/122/440
s 18
f 170/170/332 169/169/331 122/122/441 129/129/442
s 2
f 187/187/272 188/188/244 170/170/243 129/129/273
s 24
f 172/172/400 171/171/399 130/130/443 150/150/444
s 5
f 103/103/445 174/174/255 173/173/254 101/101/446
s 3
f 103/103/447 164/164/448 175/175/247 174/174/246
f 176/176/275 175/175/247 164/164/448 110/110/449
f 177/177/267 176/176/275 110/110/449 107/107/450
f 178/178/268 177/177/267 107/107/450 113/113/451
f 179/179/280 178/178/268 113/113/451 104/104/452
s 4
f 180/180/252 179/179/251 104/104/453 102/102/454
s 14
f 181/181/304 180/180/303 102/102/455 155/155/456
f 182/182/420 181/181/304 155/155/456 120/120/457
s 17
f 183/183/328 182/182/327 120/120/458 127/127/459
s 20
f 184/184/352 183/183/351 127/127/460 137/137/461
s 2
f 135/134/462 185/185/262 184/184/278 137/137/463
f 133/135/464 186/186/263 185/185/262 135/134/462
f 130/130/465 187/187/272 186/186/263 133/135/464
f 171/171/466 188/188/244 187/187/272 130/130/465
f 189/189/245 188/188/244 171/171/466 131/131/467
s 19
f 123/123/468 190/190/335 189/189/334 131/131/469
s 16
f 116/116/470 191/191/311 190/190/310 123/123/471
s 10
f 161/161/472 192/192/286 191/191/430 116/116/473
f 101/101/474 173/173/287 192/192/286 161/161/472
g default
v -8.354061 -0.480756 6.986822
v -5.643183 -0.315782 7.318471
v -8.435605 -0.151836 7.073738
v -5.609502 0.005068 7.313979
v -8.602461 -0.204688 6.579913
v -5.354643 -0.096947 6.872157
v -8.504472 -0.579750 6.678201
v -5.579831 -0.415394 6.835414
v -7.173979 -0.428358 7.111230
v -6.985816 0.041108 7.206479
v -7.262197 -0.701400 6.906405
v -7.624692 -0.451438 7.290235
v -7.880956 -0.087257 7.079363
v -7.909912 -0.695890 6.768581
v -6.314397 -0.376263 7.320230
v -6.186916 0.030290 7.191665
v -6.612951 -0.532042 6.824262
v -7.973568 0.955400 7.290646
v -7.572938 1.142375 7.434380
v -8.724090 0.549340 6.553336
v -7.043852 1.200024 7.429654
v -6.205796 1.184928 7.310175
v -5.847830 0.956262 7.278021
v -5.402497 0.441878 6.635589
v -8.206927 1.472059 7.632996
v -7.704361 1.649062 7.906848
v -8.549710 1.246068 6.673954
v -7.238857 1.873135 7.708053
v -6.502709 1.714269 7.425924
v -6.056392 1.633290 7.227807
v -5.763866 1.220797 6.669001
v -8.353469 1.893214 7.714675
v -7.842830 2.108583 7.981399
v -8.591817 3.355645 7.340387
v -8.822721 2.399045 6.902424
v -7.721092 2.749869 7.782309
v -7.646670 3.470522 6.800352
v -7.256563 2.617000 7.787863
v -6.329736 3.007464 6.679717
v -6.493509 2.334990 7.646869
v -6.068822 2.535474 6.620867
v -8.646152 -0.679938 6.464311
v -8.195411 -0.512684 6.399812
v -8.726641 -0.095771 6.225887
v -5.609390 0.002013 6.408498
v -5.637059 -0.277933 6.471004
v -7.445138 -0.507146 6.525352
v -6.525479 -0.308971 6.420252
v -8.645660 0.633268 6.226258
v -5.507551 0.608903 6.367929
v -8.305625 1.290759 6.227386
v -5.732680 1.154385 6.135037
v -8.350002 2.281874 6.276571
v -8.370178 3.363942 6.596847
v -7.512506 3.451058 6.516354
v -6.480779 2.844688 6.274082
v -5.997539 2.108306 6.192052
v -5.647448 0.236734 6.251312
v -5.340079 0.104290 6.697839
v -5.662904 0.388707 7.301036
v -6.150039 0.553328 7.262756
v -6.877395 0.643150 7.265721
v -7.592383 0.410506 7.211320
v -8.279443 0.205453 7.146993
v -8.632840 0.141375 6.692068
v -8.746984 0.212767 6.321501
v -8.370644 -0.542648 6.399550
v -8.124147 -0.640575 6.710897
v -7.955713 -0.483831 7.203031
v -8.044407 -0.116813 7.109657
v -7.898463 0.299472 7.192141
v -7.682261 1.070740 7.390713
v -7.934801 1.543704 7.815238
v -8.086435 2.043626 7.904580
v -8.893792 3.153483 7.270564
v -8.447883 3.077946 6.462529
v -8.584729 -0.210947 6.781728
v -8.471263 -0.564227 6.753720
v -8.089241 -0.630715 6.854203
v -7.882128 -0.671519 6.927256
v -7.240033 -0.646622 6.978737
v -6.516208 -0.516925 6.995751
v -5.578560 -0.425563 7.005199
v -5.375576 -0.119210 7.052731
v -5.301799 0.094383 6.907655
v -5.379678 0.435439 6.843609
v -5.720401 1.213414 6.849884
v -5.993835 2.622006 6.996986
v -6.338364 3.192572 7.068895
v -7.623321 3.501689 7.062217
v -8.574423 3.086504 7.529668
v -8.784880 2.881140 7.491633
v -8.789508 2.262540 7.361317
v -8.469641 1.383752 7.204261
v -8.565918 0.586893 6.726120
v -8.573881 0.143769 6.857219
vt 0.418660 0.064550
vt 0.574744 0.076427
vt 0.417770 0.085798
vt 0.573925 0.090168
vt 0.386416 0.071641
vt 0.595916 0.073114
vt 0.394351 0.044111
vt 0.595142 0.052170
vt 0.490422 0.070454
vt 0.502518 0.098450
vt 0.482843 0.049592
vt 0.462464 0.070733
vt 0.450424 0.092200
vt 0.440218 0.043325
vt 0.543211 0.075079
vt 0.546373 0.096647
vt 0.530767 0.047115
vt 0.449045 0.158406
vt 0.473684 0.166357
vt 0.385151 0.132420
vt 0.501050 0.167046
vt 0.545269 0.164428
vt 0.564090 0.149795
vt 0.606399 0.106597
vt 0.449181 0.194577
vt 0.472385 0.198627
vt 0.394845 0.189849
vt 0.494702 0.202316
vt 0.529409 0.194127
vt 0.554796 0.192810
vt 0.596117 0.181582
vt 0.449197 0.213846
vt 0.470382 0.215109
vt 0.447926 0.261503
vt 0.414982 0.253878
vt 0.477633 0.235937
vt 0.495241 0.230765
vt 0.552422 0.271002
vt 0.482283 0.277793
vt 0.526028 0.223638
vt 0.577342 0.267625
vt 0.367338 0.022397
vt 0.407825 0.022397
vt 0.367338 0.075957
vt 0.621446 0.022397
vt 0.621446 0.051514
vt 0.470381 0.022397
vt 0.548225 0.022397
vt 0.367338 0.140505
vt 0.621446 0.122181
vt 0.367338 0.202836
vt 0.621446 0.186283
vt 0.367338 0.286481
vt 0.438185 0.286481
vt 0.566889 0.286481
vt 0.491585 0.286481
vt 0.621446 0.286481
vt 0.621446 0.080315
vt 0.603389 0.080056
vt 0.571117 0.110840
vt 0.547525 0.125951
vt 0.508822 0.133382
vt 0.468700 0.121771
vt 0.427885 0.109553
vt 0.392723 0.101310
vt 0.367338 0.103211
vt 0.393206 0.022397
vt 0.423472 0.041857
vt 0.445321 0.069196
vt 0.440525 0.089764
vt 0.450608 0.116028
vt 0.467065 0.162945
vt 0.462774 0.195966
vt 0.461521 0.215531
vt 0.440455 0.258896
vt 0.418118 0.286481
vt 0.398910 0.076217
vt 0.401015 0.049502
vt 0.430133 0.050259
vt 0.444348 0.051610
vt 0.484866 0.054781
vt 0.534219 0.057030
vt 0.587421 0.061355
vt 0.588603 0.077665
vt 0.594782 0.085123
vt 0.596136 0.106734
vt 0.586188 0.175024
vt 0.556774 0.251372
vt 0.538345 0.260722
vt 0.482847 0.269271
vt 0.449654 0.253150
vt 0.442094 0.250496
vt 0.432509 0.236827
vt 0.425055 0.192488
vt 0.399136 0.137006
vt 0.403403 0.102923
vn -0.301178 -0.064843 0.951361
vn -0.234572 0.117359 0.964989
vn -0.232692 0.122111 0.964854
vn -0.301178 -0.064843 0.951361
vn -0.627649 -0.099773 0.772077
vn -0.504605 0.028247 0.862888
vn -0.718356 0.053844 0.693589
vn -0.802761 -0.106520 0.586710
vn -0.231000 -0.916037 0.327895
vn -0.237779 -0.886536 0.396881
vn -0.188816 -0.840494 0.507856
vn -0.258758 -0.854795 0.449855
vn 0.776056 -0.329724 0.537606
vn 0.836811 -0.460846 0.295583
vn 0.822991 -0.418687 0.383909
vn 0.776055 -0.329724 0.537606
vn -0.861706 -0.301719 0.407957
vn -0.882995 -0.294496 0.365503
vn -0.809260 -0.314874 0.495937
vn -0.809260 -0.314874 0.495937
vn -0.072503 0.099531 0.992390
vn -0.046080 0.110687 0.992787
vn -0.112099 0.119941 0.986432
vn -0.111196 0.126028 0.985775
vn 0.371102 0.782794 0.499516
vn 0.147887 0.863093 0.482908
vn 0.064664 0.612061 0.788163
vn 0.299060 0.578860 0.758607
vn 0.048151 -0.784216 0.618617
vn 0.087376 -0.857806 0.506493
vn 0.077432 -0.935792 0.343944
vn 0.066695 -0.906479 0.416949
vn -0.016773 0.181745 0.983203
vn -0.022122 0.187503 0.982015
vn -0.117143 0.532473 0.838302
vn -0.236887 0.315241 0.918971
vn 0.039046 -0.798743 0.600404
vn -0.043299 -0.863024 0.503303
vn -0.099759 0.200382 0.974626
vn -0.099759 0.200382 0.974626
vn 0.645217 0.511657 0.567365
vn 0.478061 0.429767 0.766001
vn 0.094940 -0.971847 0.215638
vn 0.086441 -0.933505 0.347990
vn -0.075012 -0.168573 0.982831
vn -0.023452 -0.199804 0.979555
vn -0.072941 -0.203269 0.976402
vn -0.106194 -0.167172 0.980192
vn -0.789263 0.123829 0.601440
vn -0.902046 -0.001824 0.431636
vn -0.799917 0.062952 0.596800
vn -0.740279 0.164228 0.651933
vn 0.003950 -0.115576 0.993291
vn 0.003950 -0.115576 0.993291
vn 0.029841 -0.135298 0.990356
vn 0.042070 -0.144571 0.988600
vn -0.079172 -0.142933 0.986561
vn -0.079172 -0.142933 0.986561
vn 0.000029 -0.248232 0.968701
vn -0.051133 -0.180715 0.982205
vn -0.160355 -0.066083 0.984845
vn -0.160355 -0.066083 0.984845
vn -0.128085 -0.056560 0.990149
vn -0.061604 -0.036874 0.997419
vn 0.775005 0.136802 0.616970
vn 0.821638 0.097770 0.561563
vn 0.893490 0.165311 0.417551
vn 0.798597 0.252007 0.546567
vn -0.155678 -0.651687 0.742339
vn -0.126995 -0.655113 0.744781
vn -0.019803 -0.662996 0.748361
vn -0.155678 -0.651687 0.742340
vn -0.629815 -0.418349 0.654459
vn -0.889764 -0.108545 0.443326
vn -0.539333 -0.485900 0.687766
vn -0.539333 -0.485900 0.687766
vn 0.217867 -0.222370 0.950308
vn 0.217867 -0.222370 0.950308
vn 0.217867 -0.222370 0.950308
vn 0.217867 -0.222370 0.950308
vn 0.299897 -0.451769 0.840218
vn 0.299897 -0.451769 0.840218
vn 0.299897 -0.451769 0.840218
vn 0.299897 -0.451769 0.840218
vn 0.300856 0.074410 0.950762
vn 0.300856 0.074410 0.950762
vn 0.300856 0.074410 0.950762
vn 0.300856 0.074410 0.950762
vn 0.833280 0.328015 0.445029
vn 0.908084 0.386202 0.161961
vn 0.877744 0.358995 0.317314
vn 0.833280 0.328015 0.445029
vn -0.453890 -0.302555 0.838120
vn -0.403318 -0.286910 0.868917
vn -0.322792 -0.260816 0.909824
vn -0.453890 -0.302555 0.838119
vn -0.914551 -0.326189 0.239158
vn -0.913192 -0.326999 0.243210
vn -0.754860 -0.370263 0.541380
vn -0.754860 -0.370263 0.541380
vn 0.200258 -0.099805 0.974647
vn 0.200258 -0.099805 0.974647
vn 0.200258 -0.099805 0.974647
vn 0.200258 -0.099805 0.974647
vn 0.444375 0.107374 0.889383
vn 0.444375 0.107374 0.889383
vn 0.444375 0.107374 0.889383
vn 0.444375 0.107374 0.889383
vn 0.160550 -0.333099 0.929123
vn 0.160550 -0.333099 0.929123
vn 0.160550 -0.333099 0.929123
vn 0.160550 -0.333099 0.929123
vn 0.778362 0.095610 0.620493
vn 0.974965 0.181018 0.129135
vn 0.925708 0.150669 0.346934
vn 0.778362 0.095610 0.620493
vn 0.059095 -0.973581 -0.220561
vn 0.038674 -0.961098 -0.273488
vn 0.111678 -0.990657 -0.078272
vn 0.111678 -0.990657 -0.078272
vn -0.905613 -0.019793 0.423643
vn -0.905613 -0.019793 0.423643
vn -0.905613 -0.019793 0.423643
vn -0.905613 -0.019793 0.423643
vn 0.830184 -0.368802 -0.418068
vn 0.830184 -0.368802 -0.418068
vn 0.830184 -0.368802 -0.418068
vn 0.830184 -0.368802 -0.418068
vn 0.145829 -0.866096 -0.478134
vn 0.145829 -0.866096 -0.478134
vn 0.145829 -0.866096 -0.478134
vn 0.145829 -0.866096 -0.478134
vn 0.092973 -0.864805 -0.493426
vn 0.092973 -0.864805 -0.493426
vn 0.092973 -0.864805 -0.493426
vn 0.092973 -0.864805 -0.493426
vn 0.082987 -0.903437 -0.420613
vn 0.082987 -0.903437 -0.420614
vn 0.082987 -0.903437 -0.420614
vn 0.082987 -0.903437 -0.420614
vn -0.948833 -0.159942 0.272277
vn -0.979810 -0.080789 0.182880
vn -0.985521 -0.059611 0.158728
vn -0.948833 -0.159942 0.272277
vn 0.835854 -0.136723 -0.531652
vn 0.795221 -0.260464 -0.547523
vn 0.740031 -0.381375 -0.553992
vn 0.740031 -0.381375 -0.553992
vn -0.880265 0.361959 -0.306787
vn -0.880265 0.361959 -0.306787
vn -0.880265 0.361959 -0.306787
vn -0.880265 0.361959 -0.306787
vn 0.915715 0.400375 -0.034130
vn 0.915715 0.400375 -0.034130
vn 0.915715 0.400375 -0.034130
vn 0.915715 0.400375 -0.034130
vn -0.831885 -0.051590 -0.552544
vn -0.831885 -0.051590 -0.552544
vn -0.831885 -0.051590 -0.552544
vn -0.831885 -0.051590 -0.552544
vn -0.830938 0.104728 -0.546420
vn -0.802222 0.369317 -0.469090
vn -0.826653 0.217840 -0.518836
vn -0.830938 0.104728 -0.546420
vn 0.369969 0.895935 -0.245812
vn 0.369969 0.895935 -0.245812
vn 0.369969 0.895935 -0.245812
vn 0.369969 0.895935 -0.245812
vn -0.130126 0.989925 -0.055817
vn -0.130126 0.989925 -0.055817
vn -0.130126 0.989925 -0.055817
vn -0.130126 0.989925 -0.055817
vn 0.969625 0.243630 -0.021702
vn 0.969625 0.243630 -0.021702
vn 0.969625 0.243630 -0.021702
vn 0.969625 0.243630 -0.021702
vn 0.744994 0.509053 -0.431102
vn 0.744994 0.509053 -0.431102
vn 0.744994 0.509053 -0.431102
vn 0.744994 0.509053 -0.431102
vn 0.854796 -0.053774 -0.516170
vn 0.854796 -0.053774 -0.516170
vn 0.866841 0.272704 0.417396
vn 0.802414 0.282459 0.525689
vn -0.018434 -0.024042 0.999541
vn -0.018434 -0.024042 0.999541
vn 0.066098 -0.162712 0.984457
vn 0.066098 -0.162712 0.984457
vn 0.028132 -0.284542 0.958251
vn 0.028132 -0.284542 0.958251
vn -0.066035 -0.237660 0.969101
vn -0.159075 -0.164408 0.973481
vn -0.751417 0.165875 0.638638
vn -0.726805 0.184224 0.661677
vn -0.997949 0.028344 0.057397
vn -0.997949 0.028344 0.057397
vn -0.003762 -0.925187 -0.379494
vn -0.003762 -0.925187 -0.379494
vn 0.104688 -0.274049 0.956001
vn -0.009918 -0.267232 0.963581
vn -0.028918 -0.265759 0.963606
vn 0.048841 -0.664021 0.746117
vn 0.048841 -0.664021 0.746117
vn -0.249048 -0.235766 0.939356
vn -0.249048 -0.235766 0.939356
vn -0.678122 0.661425 -0.320419
vn -0.678122 0.661425 -0.320419
vn -0.948736 -0.257794 0.182874
vn -0.948736 -0.257794 0.182874
vn -0.191377 -0.966387 0.171671
vn -0.213467 -0.962167 0.169310
vn -0.144434 -0.956056 0.255137
vn 0.078415 -0.961899 0.261918
vn 0.147865 -0.987548 0.053706
vn 0.105115 -0.994335 -0.015774
vn 0.825250 -0.564737 -0.005963
vn 0.825250 -0.564737 -0.005963
vn 0.964921 -0.254656 -0.063860
vn 0.987601 0.096356 -0.123933
vn 0.974942 0.176304 -0.135664
vn 0.901404 0.410040 -0.139060
vn 0.901404 0.410040 -0.139060
vn 0.949783 0.210148 -0.231842
vn 0.949783 0.210148 -0.231842
vn 0.567815 0.766264 -0.300709
vn 0.822744 0.509420 -0.252157
vn 0.226255 0.955194 -0.190823
vn -0.092688 0.839297 0.535714
vn -0.901037 0.119117 0.417066
vn -0.984271 -0.100401 0.145363
vn -0.948497 -0.297453 0.108975
vn -0.948497 -0.297453 0.108975
vn -0.949585 0.047869 0.309835
vn -0.949585 0.047869 0.309835
vn -0.916951 0.014718 0.398728
vn -0.842781 0.085984 0.531344
vn -0.975762 -0.081569 0.203063
s 1
g group2 pasted__pasted__pCube1 pasted__group
usemtl initialShadingGroup
f 193/193/475 261/261/476 262/262/477 195/195/478
s 2
f 224/224/479 266/266/480 284/284/481 285/285/482
s 3
f 270/270/483 271/271/484 261/261/485 193/193/486
s 4
f 194/194/487 275/275/488 276/276/489 196/196/490
s 5
f 269/269/491 270/270/492 193/193/493 195/195/494
s 1
f 202/202/495 201/201/496 207/207/497 208/208/498
s 2
f 281/281/499 282/282/500 228/228/501 230/229/502
s 3
f 201/201/503 273/273/504 274/274/505 207/207/506
s 1
f 205/205/507 204/204/508 201/201/496 202/202/495
s 2
f 282/282/500 283/283/509 225/225/510 228/228/501
s 3
f 204/204/511 272/272/512 273/273/504 201/201/503
s 1
f 208/208/498 207/207/497 194/194/513 196/196/514
s 2
f 280/280/515 281/281/499 230/229/502 232/232/516
s 3
f 207/207/506 274/274/505 275/275/517 194/194/518
s 9
f 195/195/519 262/262/520 263/263/521 256/256/522
s 10
f 288/288/523 269/269/524 195/195/525 256/256/526
s 11
f 202/202/527 208/208/528 253/253/529 254/254/530
s 12
f 205/205/531 202/202/532 254/254/533 255/255/534
s 13
f 208/208/535 196/196/536 252/252/537 253/253/538
s 14
f 196/196/539 276/276/540 277/277/541 252/252/542
s 15
f 210/210/543 264/264/544 265/265/545 217/217/546
s 16
f 286/286/547 287/287/548 210/210/549 217/217/550
s off
f 213/213/551 214/214/552 221/221/553 220/220/554
f 211/211/555 213/213/556 220/220/557 218/218/558
f 214/214/559 215/215/560 222/222/561 221/221/562
s 17
f 215/215/563 278/278/564 279/279/565 222/222/566
s 18
f 217/217/567 265/265/568 266/266/569 224/224/570
s 19
f 285/285/571 286/286/572 217/217/573 224/224/574
s off
f 220/220/575 221/221/576 230/229/577 228/228/578
f 218/218/579 220/220/580 228/228/581 225/225/582
f 221/221/583 222/222/584 232/232/585 230/229/586
s 20
f 222/222/587 279/279/588 280/280/589 232/232/590
s 21
f 259/259/591 260/260/592 199/199/593 234/234/594
s off
f 199/199/595 197/197/596 236/236/597 234/234/598
f 198/198/599 200/200/600 238/237/601 237/238/602
f 209/209/603 203/203/604 239/239/605 240/240/606
f 203/203/607 206/206/608 235/235/609 239/239/610
f 200/200/611 209/209/612 240/240/613 238/237/614
s 22
f 197/197/615 257/257/616 258/258/617 236/236/618
s 23
f 250/250/619 251/251/620 198/198/621 237/238/622
s off
f 212/212/623 219/219/624 243/243/625 241/241/626
f 223/223/627 216/216/628 242/242/629 244/244/630
f 219/219/631 227/227/632 245/245/633 243/243/634
s 24
f 227/227/635 267/267/636 268/268/637 245/245/638
s off
f 229/231/639 231/230/640 248/247/641 247/248/642
f 226/226/643 229/231/644 247/248/645 246/246/646
f 233/233/647 223/223/648 244/244/649 249/249/650
f 231/230/651 233/233/652 249/249/653 248/247/654
s 23
f 216/216/655 251/251/620 250/250/619 242/242/656
s 14
f 252/252/542 277/277/541 278/278/657 215/215/658
s 13
f 253/253/538 252/252/537 215/215/659 214/214/660
s 11
f 254/254/530 253/253/529 214/214/661 213/213/662
s 12
f 255/255/534 254/254/533 213/213/663 211/211/664
s 9
f 256/256/522 263/263/521 264/264/665 210/210/666
s 10
f 287/287/667 288/288/523 256/256/526 210/210/668
s 22
f 258/258/617 257/257/616 212/212/669 241/241/670
s 21
f 206/206/671 260/260/592 259/259/591 235/235/672
s 3
f 261/261/485 271/271/484 272/272/512 204/204/511
s 1
f 262/262/477 261/261/476 204/204/508 205/205/507
s 9
f 263/263/521 262/262/520 205/205/673 255/255/674
f 264/264/665 263/263/521 255/255/674 211/211/675
s 15
f 265/265/545 264/264/544 211/211/676 218/218/677
s 18
f 266/266/569 265/265/568 218/218/678 225/225/679
s 2
f 283/283/509 284/284/481 266/266/480 225/225/510
s 24
f 268/268/637 267/267/636 226/226/680 246/246/681
s 5
f 199/199/682 270/270/492 269/269/491 197/197/683
s 3
f 199/199/684 260/260/685 271/271/484 270/270/483
f 272/272/512 271/271/484 260/260/685 206/206/686
f 273/273/504 272/272/512 206/206/686 203/203/687
f 274/274/505 273/273/504 203/203/687 209/209/688
f 275/275/517 274/274/505 209/209/688 200/200/689
s 4
f 276/276/489 275/275/488 200/200/690 198/198/691
s 14
f 277/277/541 276/276/540 198/198/692 251/251/693
f 278/278/657 277/277/541 251/251/693 216/216/694
s 17
f 279/279/565 278/278/564 216/216/695 223/223/696
s 20
f 280/280/589 279/279/588 223/223/697 233/233/698
s 2
f 231/230/699 281/281/499 280/280/515 233/233/700
f 229/231/701 282/282/500 281/281/499 231/230/699
f 226/226/702 283/283/509 282/282/500 229/231/701
f 267/267/703 284/284/481 283/283/509 226/226/702
f 285/285/482 284/284/481 267/267/703 227/227/704
s 19
f 219/219/705 286/286/572 285/285/571 227/227/706
s 16
f 212/212/707 287/287/548 286/286/547 219/219/708
s 10
f 257/257/709 288/288/523 287/287/667 212/212/710
f 197/197/711 269/269/524 288/288/523 257/257/709
g default
v 5.872218 3.846556 -9.367863
v 8.964652 3.010575 -9.785062
v 5.861407 3.501756 -8.982894
v 8.966605 3.355981 -9.583901
v 5.758279 3.989441 -9.345746
v 9.257752 3.766281 -9.816442
v 5.780359 3.998598 -9.657449
v 9.131537 3.579210 -10.143099
v 7.601134 3.750041 -9.606615
v 7.530151 3.498563 -9.054055
v 7.587416 3.844445 -9.897961
v 6.792363 3.556972 -9.180323
v 6.453599 3.793365 -8.914802
v 6.424753 4.140979 -9.661797
v 8.374633 2.961433 -9.655815
v 8.498392 3.265043 -9.470091
v 8.556906 3.708036 -10.158525
v 6.555219 2.756817 -7.318713
v 6.942874 2.799868 -7.005011
v 5.814126 3.174894 -8.310302
v 7.454048 3.067656 -7.134934
v 8.128524 3.246876 -8.126154
v 8.634500 3.680183 -8.650415
v 9.172446 3.985934 -9.048055
v 6.786189 2.117603 -6.502368
v 7.528354 2.064528 -6.280131
v 6.133592 3.089444 -7.273591
v 8.083859 2.865473 -6.192873
v 8.421592 3.123949 -7.263910
v 8.679702 3.718115 -7.911507
v 8.967732 4.108111 -8.207534
v 7.085095 1.950768 -6.004165
v 7.701957 1.988992 -5.902182
v 7.218646 2.053537 -5.075982
v 6.393726 2.907312 -6.117064
v 8.012953 2.280584 -5.554171
v 7.518821 3.026086 -5.093175
v 8.269287 2.575179 -5.669444
v 8.668661 3.266717 -5.699396
v 8.771041 2.977235 -6.080196
v 9.227089 3.745154 -6.715783
v 5.647778 4.766598 -9.776858
v 6.213723 5.031337 -9.665348
v 5.717920 4.272549 -9.333995
v 9.108900 4.146370 -9.721765
v 9.132435 4.002003 -10.061587
v 7.526985 4.447792 -9.811479
v 8.692651 4.052128 -10.068211
v 5.912914 3.970102 -8.315192
v 9.093059 4.535957 -8.765975
v 6.290145 3.479336 -7.447420
v 8.955622 4.837368 -8.108762
v 6.361694 3.580470 -6.624276
v 6.730548 3.619030 -5.483731
v 7.320710 3.917197 -5.304220
v 8.270508 4.277452 -5.908686
v 9.031598 4.955572 -7.101120
v 9.011208 4.653655 -9.330203
v 9.252075 3.936065 -9.542014
v 8.877718 3.572683 -9.249166
v 8.209879 3.103364 -8.853286
v 7.273345 2.952571 -8.152919
v 6.720596 3.007992 -8.304438
v 6.121414 3.078046 -8.556670
v 5.769961 3.573482 -8.846695
v 5.728128 4.477386 -8.900248
v 5.998328 4.915356 -9.708570
v 6.181962 4.164218 -9.665191
v 6.312340 3.694254 -9.196476
v 6.238505 3.694680 -8.908495
v 6.471479 3.056340 -8.430240
v 6.788048 2.794754 -7.102759
v 7.218181 1.991976 -6.366701
v 7.477611 1.829123 -5.884157
v 7.028081 2.196292 -5.277042
v 6.614055 3.633091 -5.888836
v 5.735129 3.856384 -9.252603
v 5.797698 3.983646 -9.606393
v 6.172057 4.089631 -9.570002
v 6.421106 4.051730 -9.552180
v 7.597341 3.812765 -9.839618
v 8.538455 3.524309 -10.074945
v 9.092110 3.361250 -10.074469
v 9.234790 3.599691 -9.807222
v 9.273901 3.812689 -9.559937
v 9.191150 3.899183 -9.092166
v 8.976974 4.039047 -8.244056
v 9.316683 3.130461 -6.450500
v 8.657796 2.720202 -5.431532
v 7.639853 2.377212 -4.965290
v 7.416902 1.773334 -5.214266
v 7.225722 1.875400 -5.352202
v 6.757366 2.298164 -5.864924
v 6.299534 2.670528 -6.788433
v 5.996056 3.018601 -8.218051
v 5.817942 3.429506 -8.772937
vt 0.739975 0.586343
vt 0.714234 0.368632
vt 0.775796 0.579909
vt 0.721230 0.364638
vt 0.735709 0.605240
vt 0.699174 0.334285
vt 0.721205 0.595564
vt 0.694379 0.345446
vt 0.718355 0.446752
vt 0.754049 0.463260
vt 0.700896 0.443000
vt 0.748080 0.512926
vt 0.765422 0.537982
vt 0.708803 0.544855
vt 0.721110 0.385856
vt 0.733417 0.391799
vt 0.688404 0.368202
vt 0.871777 0.529992
vt 0.874654 0.500506
vt 0.824572 0.583639
vt 0.860034 0.469853
vt 0.809076 0.424772
vt 0.778013 0.379221
vt 0.746016 0.339064
vt 0.905170 0.506934
vt 0.903663 0.476410
vt 0.893706 0.588633
vt 0.889071 0.441443
vt 0.850403 0.416947
vt 0.818408 0.382138
vt 0.804897 0.349498
vt 0.913695 0.490428
vt 0.910086 0.468404
vt 0.921416 0.470026
vt 0.937108 0.545490
vt 0.913046 0.451211
vt 0.909152 0.437588
vt 0.922361 0.391050
vt 0.939081 0.455145
vt 0.897465 0.412294
vt 0.882956 0.361624
vt 0.670011 0.631218
vt 0.670011 0.577540
vt 0.721042 0.631218
vt 0.670011 0.311848
vt 0.692094 0.311848
vt 0.670011 0.455495
vt 0.670011 0.349251
vt 0.818631 0.631218
vt 0.765535 0.311848
vt 0.900160 0.631218
vt 0.809465 0.311848
vt 0.963830 0.631218
vt 0.963830 0.506201
vt 0.963830 0.311848
vt 0.963830 0.434887
vt 0.870192 0.311848
vt 0.730786 0.311848
vt 0.711389 0.330368
vt 0.739893 0.366046
vt 0.768563 0.418856
vt 0.814489 0.482813
vt 0.813814 0.520072
vt 0.809951 0.561770
vt 0.783607 0.591130
vt 0.757740 0.631218
vt 0.670011 0.598530
vt 0.709671 0.567205
vt 0.749757 0.549246
vt 0.767691 0.551214
vt 0.811379 0.537828
vt 0.874086 0.510865
vt 0.905391 0.488387
vt 0.911783 0.475672
vt 0.925220 0.480154
vt 0.963830 0.550101
vt 0.746669 0.597945
vt 0.723768 0.594751
vt 0.717269 0.565891
vt 0.717209 0.544725
vt 0.704589 0.443056
vt 0.696834 0.374016
vt 0.702131 0.355191
vt 0.704797 0.343901
vt 0.712895 0.336780
vt 0.742727 0.342575
vt 0.803168 0.353568
vt 0.891735 0.387574
vt 0.915480 0.420148
vt 0.925074 0.459309
vt 0.919432 0.470188
vt 0.919564 0.474645
vt 0.923095 0.505367
vt 0.905767 0.548621
vt 0.831442 0.571484
vt 0.791628 0.583806
vn 0.173705 -0.885364 -0.431227
vn 0.108405 -0.974867 -0.194636
vn 0.088633 -0.988134 -0.125440
vn 0.173705 -0.885364 -0.431227
vn -0.545203 -0.838048 0.020720
vn -0.346362 -0.938072 -0.007320
vn -0.522100 -0.837513 0.161195
vn -0.784283 -0.573017 0.237807
vn 0.163015 -0.743024 -0.649108
vn 0.029256 -0.734369 -0.678120
vn -0.087681 -0.690059 -0.718422
vn 0.131372 -0.724627 -0.676503
vn 0.889213 -0.399351 0.223204
vn 0.923145 -0.366435 0.116316
vn 0.941704 -0.335390 0.026597
vn 0.889213 -0.399351 0.223204
vn -0.524232 -0.693609 -0.494052
vn -0.939042 -0.248822 -0.237249
vn -0.477220 -0.718240 -0.506352
vn -0.477220 -0.718240 -0.506352
vn -0.262137 -0.964931 0.013837
vn -0.375413 -0.925224 0.055008
vn -0.085374 -0.807235 0.584024
vn -0.294238 -0.882854 0.366051
vn 0.580665 -0.010854 0.814070
vn 0.368712 -0.215501 0.904218
vn 0.646765 -0.708387 0.282635
vn 0.413881 -0.910062 -0.022106
vn -0.333438 -0.705648 -0.625205
vn -0.363474 -0.667668 -0.649696
vn -0.323520 -0.542744 -0.775090
vn -0.318243 -0.584895 -0.746069
vn -0.065955 -0.991407 0.112968
vn -0.068788 -0.997628 -0.002599
vn 0.502641 -0.752400 0.425730
vn 0.609641 -0.758941 0.228792
vn -0.202105 -0.758218 -0.619887
vn -0.201725 -0.751501 -0.628135
vn 0.255832 -0.531078 0.807778
vn 0.255832 -0.531078 0.807778
vn 0.770278 0.273197 0.576224
vn 0.246829 -0.914897 -0.319435
vn -0.137458 -0.543110 -0.828334
vn -0.147900 -0.576246 -0.803783
vn 0.338684 -0.513976 -0.788113
vn 0.294379 -0.521141 -0.801095
vn 0.232872 -0.808594 -0.540320
vn 0.312885 -0.659126 -0.683854
vn -0.605809 -0.712511 -0.354011
vn -0.987308 -0.157601 -0.019607
vn -0.664236 -0.653758 -0.362480
vn -0.313177 -0.908841 -0.275552
vn -0.323944 -0.807555 -0.492863
vn -0.323944 -0.807555 -0.492863
vn -0.215837 -0.889684 -0.402338
vn 0.236090 -0.971232 0.031147
vn -0.154563 -0.741906 -0.652446
vn -0.154563 -0.741906 -0.652446
vn 0.067706 -0.947495 -0.312520
vn -0.077808 -0.834634 -0.545281
vn 0.516664 -0.818192 0.252232
vn 0.516664 -0.818192 0.252232
vn 0.629879 -0.725305 0.277823
vn 0.691795 -0.661143 0.290361
vn 0.732558 -0.516186 0.443746
vn 0.782837 -0.475280 0.401590
vn 0.802972 -0.496937 0.329075
vn 0.643299 -0.678621 0.354457
vn 0.294313 -0.634493 -0.714702
vn 0.320491 -0.597819 -0.734777
vn 0.363552 -0.531566 -0.765028
vn 0.294313 -0.634493 -0.714702
vn -0.427739 -0.864563 -0.263763
vn -0.886336 -0.446294 0.123414
vn -0.341288 -0.887713 -0.309011
vn -0.341288 -0.887713 -0.309011
vn 0.031366 -0.980745 -0.192759
vn 0.031366 -0.980745 -0.192759
vn 0.031366 -0.980745 -0.192759
vn 0.031366 -0.980745 -0.192759
vn 0.509871 -0.535761 -0.673047
vn 0.509871 -0.535761 -0.673047
vn 0.509871 -0.535761 -0.673047
vn 0.509871 -0.535761 -0.673047
vn 0.678895 -0.711525 -0.181198
vn 0.678895 -0.711525 -0.181198
vn 0.678895 -0.711525 -0.181198
vn 0.678895 -0.711525 -0.181198
vn 0.623147 -0.767134 0.152292
vn 0.730411 -0.659517 0.177588
vn 0.703216 -0.690059 0.171187
vn 0.623147 -0.767134 0.152292
vn -0.226879 -0.954846 -0.191820
vn -0.070413 -0.962060 -0.263594
vn 0.157035 -0.922507 -0.352591
vn -0.226879 -0.954846 -0.191820
vn -0.819843 -0.542578 0.182940
vn -0.902212 -0.368118 0.224729
vn -0.745259 -0.649612 0.150309
vn -0.745259 -0.649612 0.150309
vn -0.091407 -0.884233 -0.458014
vn -0.091407 -0.884233 -0.458014
vn -0.091407 -0.884233 -0.458014
vn -0.091407 -0.884233 -0.458014
vn 0.791227 -0.473216 -0.387331
vn 0.791227 -0.473216 -0.387331
vn 0.791227 -0.473216 -0.387331
vn 0.791227 -0.473216 -0.387331
vn 0.604337 -0.749130 -0.271258
vn 0.604337 -0.749130 -0.271258
vn 0.604337 -0.749130 -0.271258
vn 0.604337 -0.749130 -0.271258
vn 0.148796 -0.893274 -0.424171
vn 0.910534 -0.286510 -0.298061
vn 0.274290 -0.858905 -0.432490
vn 0.148796 -0.893274 -0.424171
vn 0.106528 -0.032744 -0.993770
vn 0.110048 -0.055556 -0.992372
vn 0.114111 -0.082339 -0.990050
vn 0.114111 -0.082339 -0.990050
vn -0.984755 -0.167005 -0.048647
vn -0.984755 -0.167005 -0.048647
vn -0.984755 -0.167005 -0.048647
vn -0.984755 -0.167005 -0.048647
vn 0.938236 0.229682 -0.258767
vn 0.938236 0.229682 -0.258767
vn 0.938236 0.229682 -0.258767
vn 0.938236 0.229682 -0.258767
vn -0.184930 0.194459 -0.963321
vn -0.184930 0.194459 -0.963321
vn -0.184930 0.194459 -0.963321
vn -0.184930 0.194459 -0.963321
vn -0.142441 0.029044 -0.989377
vn -0.142441 0.029044 -0.989377
vn -0.142441 0.029044 -0.989377
vn -0.142441 0.029044 -0.989377
vn 0.057988 0.208418 -0.976319
vn 0.057988 0.208418 -0.976319
vn 0.057988 0.208418 -0.976319
vn 0.057988 0.208418 -0.976319
vn -0.997600 -0.068800 0.007838
vn -0.980225 0.023254 0.196516
vn -0.992111 -0.012132 0.124774
vn -0.997600 -0.068800 0.007838
vn 0.967109 0.254136 -0.010698
vn 0.944883 0.309126 -0.107873
vn 0.886668 0.385923 -0.254721
vn 0.886668 0.385923 -0.254721
vn -0.882380 0.250212 0.398496
vn -0.882380 0.250212 0.398496
vn -0.882380 0.250212 0.398496
vn -0.882380 0.250212 0.398496
vn 0.975107 0.003740 0.221702
vn 0.975107 0.003740 0.221702
vn 0.975107 0.003740 0.221702
vn 0.975107 0.003740 0.221702
vn -0.960271 0.221356 0.169944
vn -0.960271 0.221356 0.169944
vn -0.960271 0.221356 0.169944
vn -0.960271 0.221356 0.169944
vn -0.849990 0.095101 0.518143
vn -0.891850 -0.077984 0.445558
vn -0.867472 0.037719 0.496054
vn -0.849990 0.095101 0.518143
vn 0.404277 0.316415 0.858162
vn 0.404277 0.316415 0.858162
vn 0.404277 0.316415 0.858162
vn 0.404277 0.316415 0.858162
vn -0.358024 0.132794 0.924221
vn -0.358024 0.132794 0.924221
vn -0.358024 0.132794 0.924221
vn -0.358024 0.132794 0.924221
vn 0.988414 0.087462 -0.124047
vn 0.988414 0.087462 -0.124047
vn 0.988414 0.087462 -0.124047
vn 0.988414 0.087462 -0.124047
vn 0.710272 0.352892 0.609083
vn 0.710272 0.352891 0.609083
vn 0.710271 0.352891 0.609083
vn 0.710271 0.352891 0.609083
vn 0.970673 0.240034 0.013347
vn 0.970673 0.240034 0.013347
vn 0.699771 -0.643075 0.311088
vn 0.603192 -0.731700 0.317449
vn 0.716969 -0.631573 0.295079
vn 0.716969 -0.631573 0.295079
vn 0.319629 -0.939777 0.121063
vn 0.319629 -0.939777 0.121063
vn 0.196651 -0.977719 -0.073449
vn 0.196651 -0.977719 -0.073449
vn 0.030385 -0.980498 -0.194164
vn 0.184130 -0.945475 -0.268650
vn -0.316802 -0.906793 -0.278140
vn -0.299311 -0.914746 -0.271392
vn -0.972062 0.040536 0.231197
vn -0.972062 0.040536 0.231197
vn 0.102003 -0.003915 -0.994776
vn 0.102003 -0.003915 -0.994776
vn 0.265104 -0.525206 -0.808627
vn 0.047791 -0.947151 -0.317209
vn -0.008973 -0.984665 -0.174225
vn 0.391071 -0.484828 -0.782308
vn 0.391071 -0.484828 -0.782308
vn 0.405987 -0.807457 -0.428005
vn 0.405987 -0.807457 -0.428005
vn -0.897718 -0.126425 0.422041
vn -0.897718 -0.126425 0.422041
vn -0.983726 -0.104077 -0.146461
vn -0.983726 -0.104077 -0.146461
vn 0.301050 -0.806393 -0.509018
vn 0.093125 -0.804778 -0.586225
vn -0.249713 -0.782687 -0.570127
vn -0.317253 -0.643341 -0.696752
vn -0.227552 -0.451996 -0.862508
vn -0.075738 -0.343759 -0.935998
vn 0.938424 -0.208082 -0.275795
vn 0.938424 -0.208082 -0.275795
vn 0.998045 -0.002034 -0.062466
vn 0.990330 0.106543 0.088859
vn 0.978656 0.146100 0.144521
vn 0.971096 0.053830 0.232542
vn 0.971096 0.053830 0.232542
vn 0.985189 0.094546 -0.143054
vn 0.985189 0.094546 -0.143054
vn 0.643653 0.328994 0.690995
vn 0.745411 0.319221 0.585201
vn 0.330269 0.310712 0.891280
vn -0.326905 -0.200373 0.923571
vn -0.825074 -0.467711 0.317016
vn -0.839167 -0.447667 0.308856
vn -0.922341 -0.305136 0.237021
vn -0.922341 -0.305136 0.237021
vn -0.907805 -0.387160 0.161239
vn -0.907804 -0.387160 0.161239
vn -0.963331 -0.255269 -0.082650
vn -0.619338 -0.685668 -0.382466
vn -0.997065 -0.065201 0.040117
s 1
g pasted__pasted__pCube1 pasted__group1 group4
usemtl initialShadingGroup
f 289/289/712 357/357/713 358/358/714 291/291/715
s 2
f 320/320/716 362/362/717 380/380/718 381/381/719
s 3
f 366/366/720 367/367/721 357/357/722 289/289/723
s 4
f 290/290/724 371/371/725 372/372/726 292/292/727
s 5
f 365/365/728 366/366/729 289/289/730 291/291/731
s 1
f 298/298/732 297/297/733 303/303/734 304/304/735
s 2
f 377/377/736 378/378/737 324/324/738 326/325/739
s 3
f 297/297/740 369/369/741 370/370/742 303/303/743
s 1
f 301/301/744 300/300/745 297/297/733 298/298/732
s 2
f 378/378/737 379/379/746 321/321/747 324/324/738
s 3
f 300/300/748 368/368/749 369/369/741 297/297/740
s 1
f 304/304/735 303/303/734 290/290/750 292/292/751
s 2
f 376/376/752 377/377/736 326/325/739 328/328/753
s 3
f 303/303/743 370/370/742 371/371/754 290/290/755
s 9
f 291/291/756 358/358/757 359/359/758 352/352/759
s 10
f 384/384/760 365/365/761 291/291/762 352/352/763
s 11
f 298/298/764 304/304/765 349/349/766 350/350/767
s 12
f 301/301/768 298/298/769 350/350/770 351/351/771
s 13
f 304/304/772 292/292/773 348/348/774 349/349/775
s 14
f 292/292/776 372/372/777 373/373/778 348/348/779
s 15
f 306/306/780 360/360/781 361/361/782 313/313/783
s 16
f 382/382/784 383/383/785 306/306/786 313/313/787
s off
f 309/309/788 310/310/789 317/317/790 316/316/791
f 307/307/792 309/309/793 316/316/794 314/314/795
f 310/310/796 311/311/797 318/318/798 317/317/799
s 17
f 311/311/800 374/374/801 375/375/802 318/318/803
s 18
f 313/313/804 361/361/805 362/362/806 320/320/807
s 19
f 381/381/808 382/382/809 313/313/810 320/320/811
s off
f 316/316/812 317/317/813 326/325/814 324/324/815
f 314/314/816 316/316/817 324/324/818 321/321/819
f 317/317/820 318/318/821 328/328/822 326/325/823
s 20
f 318/318/824 375/375/825 376/376/826 328/328/827
s 21
f 355/355/828 356/356/829 295/295/830 330/330/831
s off
f 295/295/832 293/293/833 332/332/834 330/330/835
f 294/294/836 296/296/837 334/333/838 333/334/839
f 305/305/840 299/299/841 335/335/842 336/336/843
f 299/299/844 302/302/845 331/331/846 335/335/847
f 296/296/848 305/305/849 336/336/850 334/333/851
s 22
f 293/293/852 353/353/853 354/354/854 332/332/855
s 23
f 346/346/856 347/347/857 294/294/858 333/334/859
s off
f 308/308/860 315/315/861 339/339/862 337/337/863
f 319/319/864 312/312/865 338/338/866 340/340/867
f 315/315/868 323/323/869 341/341/870 339/339/871
s 24
f 323/323/872 363/363/873 364/364/874 341/341/875
s off
f 325/327/876 327/326/877 344/343/878 343/344/879
f 322/322/880 325/327/881 343/344/882 342/342/883
f 329/329/884 319/319/885 340/340/886 345/345/887
f 327/326/888 329/329/889 345/345/890 344/343/891
s 23
f 312/312/892 347/347/857 346/346/856 338/338/893
s 14
f 348/348/779 373/373/778 374/374/894 311/311/895
s 13
f 349/349/775 348/348/774 311/311/896 310/310/897
s 11
f 350/350/767 349/349/766 310/310/898 309/309/899
s 12
f 351/351/771 350/350/770 309/309/900 307/307/901
s 9
f 352/352/759 359/359/758 360/360/902 306/306/903
s 10
f 383/383/904 384/384/760 352/352/763 306/306/905
s 22
f 354/354/854 353/353/853 308/308/906 337/337/907
s 21
f 302/302/908 356/356/829 355/355/828 331/331/909
s 3
f 357/357/722 367/367/721 368/368/749 300/300/748
s 1
f 358/358/714 357/357/713 300/300/745 301/301/744
s 9
f 359/359/758 358/358/757 301/301/910 351/351/911
f 360/360/902 359/359/758 351/351/911 307/307/912
s 15
f 361/361/782 360/360/781 307/307/913 314/314/914
s 18
f 362/362/806 361/361/805 314/314/915 321/321/916
s 2
f 379/379/746 380/380/718 362/362/717 321/321/747
s 24
f 364/364/874 363/363/873 322/322/917 342/342/918
s 5
f 295/295/919 366/366/729 365/365/728 293/293/920
s 3
f 295/295/921 356/356/922 367/367/721 366/366/720
f 368/368/749 367/367/721 356/356/922 302/302/923
f 369/369/741 368/368/749 302/302/923 299/299/924
f 370/370/742 369/369/741 299/299/924 305/305/925
f 371/371/754 370/370/742 305/305/925 296/296/926
s 4
f 372/372/726 371/371/725 296/296/927 294/294/928
s 14
f 373/373/778 372/372/777 294/294/929 347/347/930
f 374/374/894 373/373/778 347/347/930 312/312/931
s 17
f 375/375/802 374/374/801 312/312/932 319/319/933
s 20
f 376/376/826 375/375/825 319/319/934 329/329/935
s 2
f 327/326/936 377/377/736 376/376/752 329/329/937
f 325/327/938 378/378/737 377/377/736 327/326/936
f 322/322/939 379/379/746 378/378/737 325/327/938
f 363/363/940 380/380/718 379/379/746 322/322/939
f 381/381/719 380/380/718 363/363/940 323/323/941
s 19
f 315/315/942 382/382/809 381/381/808 323/323/943
s 16
f 308/308/944 383/383/785 382/382/784 315/315/945
s 10
f 353/353/946 384/384/760 383/383/904 308/308/947
f 293/293/948 365/365/761 384/384/760 353/353/946
g default
v 6.254346 2.835924 4.745208
v 9.956379 2.233690 4.029425
v 6.077074 2.763412 5.164235
v 9.907263 2.544726 4.171204
v 6.615152 3.786833 4.476423
v 10.055369 3.839395 4.411169
v 7.009970 3.480001 4.050691
v 9.975989 3.583242 3.856835
v 8.674103 2.040643 4.165122
v 8.483021 2.686819 5.124638
v 8.563345 2.251885 3.701916
v 7.380713 2.089630 4.858145
v 7.166825 2.658738 5.046392
v 8.269974 2.782187 3.984600
v 9.461713 1.729320 3.931371
v 9.352781 2.519434 3.646294
v 9.108964 2.855493 2.890336
v 6.318680 3.159664 6.680606
v 6.752188 3.207931 7.083277
v 5.807045 3.782206 5.651597
v 7.821881 3.154391 7.022507
v 9.008704 2.986930 6.113811
v 9.489878 2.874536 5.648026
v 9.321406 4.344971 4.379692
v 6.231937 2.704090 7.912829
v 7.262307 2.108180 8.252091
v 5.819919 3.569362 6.521668
v 8.368981 2.410958 8.028566
v 9.315717 3.094349 6.931918
v 9.509006 3.203073 6.520076
v 9.489361 4.119807 5.880697
v 6.361955 2.449971 8.493111
v 7.290099 1.981612 8.736249
v 6.782898 2.658291 9.121882
v 5.818912 3.349397 8.208433
v 8.336808 1.972474 8.836545
v 7.866356 2.953045 8.651309
v 8.744881 2.254212 8.550100
v 8.865999 4.062493 7.931020
v 9.435110 3.082162 7.831086
v 9.604741 4.204855 7.533839
v 6.754076 3.792256 4.060874
v 8.438265 3.969456 3.870773
v 6.292087 4.259528 4.709256
v 9.208927 4.641907 3.670929
v 9.517791 4.496064 3.578066
v 8.570709 3.925093 3.502083
v 8.734203 4.412234 3.240074
v 5.851318 4.090663 5.602755
v 9.081364 4.377126 4.646094
v 6.064349 3.905566 6.309834
v 9.123075 4.660720 5.734413
v 6.069682 3.948562 7.525184
v 6.530580 3.494052 8.558611
v 7.516124 3.580292 8.499421
v 8.440482 4.337043 7.763706
v 9.319269 4.296833 7.027978
v 8.923476 4.449784 3.853811
v 9.679861 4.309908 4.121623
v 9.735184 2.769542 4.584285
v 9.211674 2.705540 4.830817
v 7.914292 3.177243 6.150082
v 6.899314 2.851527 5.888748
v 6.201540 2.716529 5.584359
v 6.036572 3.742380 5.140924
v 5.976905 4.170977 5.138468
v 8.085362 3.761348 3.839465
v 8.208816 3.001347 3.822166
v 6.761210 2.110062 4.828527
v 6.621230 2.485742 5.136084
v 6.580536 2.661049 5.725313
v 6.574212 3.180137 6.944343
v 6.772769 2.297255 8.143318
v 6.872785 2.111816 8.716193
v 6.441572 2.795480 8.961386
v 6.265072 3.754643 8.330202
v 6.167691 3.502261 4.731323
v 6.793354 3.370546 4.181701
v 7.467646 2.649991 4.220551
v 7.698761 2.409115 4.316162
v 8.607306 2.107519 3.843149
v 9.300809 2.301849 3.145709
v 9.999959 3.149805 3.734789
v 10.107079 3.395070 4.314913
v 9.961789 3.732194 4.503044
v 9.603933 3.954387 4.642844
v 9.624398 3.779132 5.927165
v 9.734408 3.833657 7.718489
v 8.925512 3.669032 8.252812
v 8.021127 2.542526 8.826587
v 7.052412 2.378047 9.088641
v 6.656194 2.530077 8.983933
v 6.001230 2.916591 8.513230
v 5.859393 3.196934 7.243106
v 5.936469 3.637544 5.750469
v 5.990122 3.448538 5.280463
vt 0.653008 0.919268
vt 0.620968 0.761633
vt 0.683047 0.917579
vt 0.626550 0.753618
vt 0.583486 0.971106
vt 0.617782 0.700659
vt 0.556982 0.937785
vt 0.592002 0.710917
vt 0.626925 0.800302
vt 0.680834 0.800953
vt 0.604141 0.805589
vt 0.653738 0.857406
vt 0.683118 0.862812
vt 0.582344 0.829411
vt 0.617653 0.777518
vt 0.625568 0.771414
vt 0.582107 0.772488
vt 0.792263 0.904420
vt 0.802765 0.871909
vt 0.732885 0.970512
vt 0.790302 0.821760
vt 0.741330 0.766154
vt 0.710834 0.746544
vt 0.621860 0.664550
vt 0.861492 0.878357
vt 0.859045 0.828630
vt 0.807982 0.955878
vt 0.839145 0.792570
vt 0.790886 0.746169
vt 0.768663 0.734251
vt 0.742069 0.679222
vt 0.877982 0.858183
vt 0.870770 0.822338
vt 0.891354 0.837841
vt 0.905433 0.909172
vt 0.865379 0.793014
vt 0.859902 0.781249
vt 0.894320 0.682795
vt 0.895707 0.783749
vt 0.838131 0.737397
vt 0.850378 0.678057
vt 0.524399 0.986168
vt 0.524399 0.822324
vt 0.619062 0.986168
vt 0.524399 0.652179
vt 0.551897 0.652179
vt 0.524399 0.785638
vt 0.524399 0.731968
vt 0.724423 0.986168
vt 0.645181 0.652179
vt 0.802492 0.986168
vt 0.732611 0.652179
vt 0.927201 0.986168
vt 0.927201 0.869377
vt 0.927201 0.652179
vt 0.927201 0.779463
vt 0.838110 0.652179
vt 0.582168 0.652179
vt 0.594278 0.675777
vt 0.646642 0.748191
vt 0.666437 0.768774
vt 0.745129 0.820546
vt 0.730179 0.872525
vt 0.708280 0.909733
vt 0.676160 0.965287
vt 0.674418 0.986168
vt 0.524399 0.860557
vt 0.568778 0.839030
vt 0.659587 0.880451
vt 0.679215 0.889339
vt 0.717104 0.890596
vt 0.800829 0.883831
vt 0.860411 0.848270
vt 0.874051 0.835365
vt 0.896454 0.851053
vt 0.927201 0.908982
vt 0.641123 0.952682
vt 0.578552 0.939146
vt 0.606928 0.871299
vt 0.618461 0.851818
vt 0.612455 0.802941
vt 0.598267 0.775565
vt 0.602282 0.732642
vt 0.619767 0.718435
vt 0.627100 0.703010
vt 0.644475 0.689465
vt 0.739894 0.699435
vt 0.846976 0.699164
vt 0.879252 0.715890
vt 0.881346 0.791972
vt 0.883683 0.828876
vt 0.887761 0.841534
vt 0.894926 0.879716
vt 0.845845 0.921059
vt 0.741137 0.959586
vt 0.693320 0.950808
vn -0.690585 -0.723251 0.000245
vn -0.143113 -0.616066 0.774585
vn -0.400844 -0.742629 0.536494
vn -0.690585 -0.723251 0.000245
vn -0.651389 -0.582963 0.485640
vn -0.477400 -0.650989 0.590171
vn -0.578218 -0.531035 0.619407
vn -0.722445 -0.260186 0.640607
vn -0.357733 -0.377125 -0.854286
vn -0.336364 -0.453874 -0.825141
vn -0.309629 -0.550921 -0.774994
vn -0.414369 -0.407127 -0.813969
vn 0.990630 -0.134445 0.024009
vn 0.997210 -0.060983 -0.043040
vn 0.992473 0.024636 -0.119963
vn 0.990630 -0.134445 0.024009
vn -0.742658 -0.024845 -0.669210
vn -0.690300 0.107745 -0.715455
vn -0.768337 -0.113048 -0.629983
vn -0.768337 -0.113048 -0.629983
vn 0.289384 -0.572330 0.767264
vn 0.555482 -0.342915 0.757528
vn 0.487032 -0.165653 0.857531
vn 0.380960 -0.148990 0.912508
vn 0.363893 0.291131 0.884774
vn 0.298049 0.150314 0.942641
vn 0.262334 -0.062059 0.962980
vn 0.455379 0.137392 0.879632
vn -0.358403 -0.818201 -0.449549
vn -0.428023 -0.709939 -0.559271
vn 0.389354 -0.469111 -0.792678
vn 0.299022 -0.723441 -0.622269
vn 0.158623 -0.610076 0.776303
vn 0.158855 -0.610807 0.775681
vn 0.050701 -0.164721 0.985036
vn 0.015616 -0.371441 0.928325
vn -0.223203 -0.769749 -0.598052
vn -0.324759 -0.682601 -0.654666
vn -0.523478 0.035648 0.851293
vn -0.523478 0.035648 0.851293
vn 0.519848 0.297782 0.800677
vn 0.640006 0.003592 0.768362
vn 0.710760 -0.075815 -0.699337
vn 0.736334 -0.358430 -0.573882
vn -0.351601 -0.924566 0.146817
vn 0.115445 -0.957190 0.265444
vn 0.001546 -0.941534 0.336914
vn -0.329369 -0.912744 0.241692
vn -0.982529 -0.186058 -0.004296
vn -0.925318 0.186999 -0.329875
vn -0.991207 -0.114569 -0.066198
vn -0.960493 -0.257315 0.106026
vn 0.159084 -0.928563 0.335355
vn 0.159084 -0.928563 0.335355
vn 0.110237 -0.946984 0.301776
vn -0.154013 -0.982426 0.105444
vn 0.085316 -0.922790 0.375740
vn 0.085316 -0.922790 0.375740
vn 0.102163 -0.963111 0.248959
vn 0.093524 -0.944052 0.316259
vn 0.015116 -0.967647 0.251853
vn 0.015116 -0.967647 0.251853
vn 0.030685 -0.971903 0.233372
vn 0.064267 -0.979101 0.192953
vn 0.774876 -0.202880 0.598671
vn 0.770480 -0.189840 0.608540
vn 0.850979 0.146171 0.504448
vn 0.868523 -0.019569 0.495263
vn -0.128688 -0.871223 -0.473719
vn -0.082410 -0.848943 -0.522020
vn 0.021612 -0.784477 -0.619781
vn -0.128688 -0.871223 -0.473719
vn -0.450285 -0.840179 -0.302231
vn -0.745683 -0.632311 -0.210098
vn -0.441091 -0.844330 -0.304212
vn -0.441091 -0.844330 -0.304212
vn -0.056702 -0.950689 -0.304918
vn -0.056702 -0.950689 -0.304918
vn -0.056702 -0.950689 -0.304918
vn -0.056702 -0.950689 -0.304918
vn 0.002734 -0.762225 -0.647307
vn 0.002734 -0.762225 -0.647307
vn 0.002734 -0.762225 -0.647307
vn 0.002734 -0.762225 -0.647307
vn 0.250224 -0.948087 0.196263
vn 0.250224 -0.948087 0.196263
vn 0.250224 -0.948087 0.196263
vn 0.250224 -0.948087 0.196263
vn 0.989443 -0.144706 -0.007881
vn 0.955602 0.294590 0.006398
vn 0.999994 -0.001320 -0.003290
vn 0.989443 -0.144706 -0.007881
vn -0.498931 -0.838254 -0.219997
vn -0.454604 -0.861795 -0.225042
vn -0.361641 -0.902610 -0.233477
vn -0.498931 -0.838254 -0.219997
vn -0.842485 -0.536358 -0.050391
vn -0.949386 -0.314013 -0.007872
vn -0.768928 -0.635429 -0.070566
vn -0.768928 -0.635429 -0.070566
vn 0.206954 -0.885790 -0.415387
vn 0.206954 -0.885790 -0.415387
vn 0.206953 -0.885790 -0.415387
vn 0.206953 -0.885790 -0.415387
vn 0.101517 -0.911617 -0.398307
vn 0.101517 -0.911617 -0.398307
vn 0.101517 -0.911617 -0.398307
vn 0.101517 -0.911617 -0.398307
vn 0.662179 -0.742911 -0.097995
vn 0.662179 -0.742911 -0.097995
vn 0.662179 -0.742911 -0.097995
vn 0.662179 -0.742911 -0.097995
vn 0.951660 -0.306646 -0.017640
vn 0.997141 0.054146 -0.052710
vn 0.990786 -0.130685 -0.035556
vn 0.951660 -0.306646 -0.017640
vn 0.026476 -0.046644 -0.998561
vn 0.152771 -0.050018 -0.986995
vn -0.182640 -0.039436 -0.982389
vn -0.182640 -0.039436 -0.982389
vn -0.812132 -0.512880 -0.278200
vn -0.812132 -0.512880 -0.278200
vn -0.812132 -0.512880 -0.278200
vn -0.812132 -0.512880 -0.278200
vn 0.813595 0.577199 -0.070030
vn 0.813595 0.577199 -0.070030
vn 0.813595 0.577199 -0.070030
vn 0.813595 0.577199 -0.070030
vn -0.801781 -0.063622 -0.594221
vn -0.801781 -0.063622 -0.594221
vn -0.801781 -0.063622 -0.594221
vn -0.801781 -0.063622 -0.594221
vn -0.840158 -0.007871 -0.542284
vn -0.840158 -0.007871 -0.542284
vn -0.840158 -0.007871 -0.542284
vn -0.840158 -0.007871 -0.542284
vn 0.542260 0.206305 -0.814489
vn 0.542260 0.206305 -0.814489
vn 0.542260 0.206305 -0.814489
vn 0.542260 0.206305 -0.814489
vn -0.755105 -0.158018 -0.636275
vn -0.836435 -0.117123 -0.535406
vn -0.820424 -0.126007 -0.557698
vn -0.755105 -0.158018 -0.636275
vn 0.261509 0.941170 0.214039
vn 0.237536 0.955451 0.175185
vn 0.324022 0.891067 0.317820
vn 0.324022 0.891067 0.317820
vn -0.845565 0.476239 0.241279
vn -0.845565 0.476239 0.241279
vn -0.845565 0.476239 0.241278
vn -0.845565 0.476239 0.241279
vn 0.677634 0.731926 -0.071387
vn 0.677634 0.731926 -0.071387
vn 0.677634 0.731926 -0.071387
vn 0.677634 0.731926 -0.071387
vn -0.870689 0.490841 0.031229
vn -0.870689 0.490841 0.031229
vn -0.870689 0.490841 0.031229
vn -0.870689 0.490841 0.031229
vn -0.629040 0.518514 0.579182
vn -0.309663 0.522485 0.794429
vn -0.612306 0.520955 0.594716
vn -0.629040 0.518514 0.579182
vn 0.193908 0.471344 0.860369
vn 0.193908 0.471344 0.860369
vn 0.193908 0.471344 0.860369
vn 0.193908 0.471344 0.860369
vn 0.133872 0.479172 0.867452
vn 0.133872 0.479172 0.867452
vn 0.133872 0.479172 0.867452
vn 0.133872 0.479172 0.867452
vn 0.699935 0.714177 -0.006428
vn 0.699935 0.714177 -0.006428
vn 0.699935 0.714177 -0.006428
vn 0.699935 0.714177 -0.006428
vn 0.170046 0.929734 0.326619
vn 0.170046 0.929734 0.326619
vn 0.170046 0.929734 0.326619
vn 0.170046 0.929734 0.326619
vn 0.169649 0.983184 0.067586
vn 0.169649 0.983184 0.067586
vn 0.817499 0.299118 0.492162
vn 0.899637 0.078428 0.429537
vn 0.077821 -0.981233 0.176423
vn 0.077821 -0.981233 0.176423
vn -0.167504 -0.981308 0.094751
vn -0.167504 -0.981308 0.094751
vn 0.111375 -0.978976 0.170888
vn 0.111375 -0.978976 0.170888
vn 0.105915 -0.927676 0.358049
vn -0.290239 -0.878675 0.379067
vn -0.946018 -0.300035 0.122593
vn -0.940778 -0.299433 0.158985
vn -0.938141 -0.043502 -0.343509
vn -0.938141 -0.043502 -0.343509
vn 0.421980 -0.054576 -0.904961
vn 0.421980 -0.054576 -0.904961
vn 0.347333 -0.887453 0.302963
vn 0.236941 -0.912145 0.334441
vn 0.193270 -0.918337 0.345404
vn 0.058827 -0.756646 -0.651173
vn 0.058827 -0.756646 -0.651173
vn -0.292282 -0.926229 -0.238057
vn -0.292282 -0.926229 -0.238057
vn -0.203076 0.508375 0.836848
vn -0.203076 0.508375 0.836848
vn -0.599855 0.275133 -0.751316
vn -0.599855 0.275133 -0.751316
vn -0.315979 -0.354347 -0.880111
vn -0.293219 -0.384935 -0.875127
vn -0.335521 -0.407488 -0.849340
vn -0.533118 -0.401891 -0.744492
vn 0.562854 -0.052123 -0.824912
vn 0.678427 0.049323 -0.733010
vn 0.965764 0.137915 -0.219724
vn 0.965764 0.137915 -0.219724
vn 0.404052 0.365827 0.838399
vn 0.529647 0.656412 0.537213
vn 0.531401 0.661791 0.528814
vn 0.865880 0.500074 0.013317
vn 0.865880 0.500074 0.013317
vn 0.942365 0.326101 -0.074878
vn 0.942365 0.326101 -0.074878
vn 0.277384 0.573040 0.771157
vn 0.334377 0.576506 0.745542
vn 0.026854 0.487407 0.872762
vn 0.122667 0.210221 0.969928
vn -0.697619 -0.127569 0.705020
vn -0.722401 -0.089219 0.685694
vn -0.964506 -0.264059 0.001259
vn -0.964506 -0.264059 0.001259
vn -0.822599 -0.541911 -0.172229
vn -0.822599 -0.541911 -0.172229
vn -0.883339 0.203692 -0.422162
vn -0.935964 -0.287565 -0.203168
vn -0.803233 0.364734 -0.470942
s 1
g group4 pasted__pasted__pCube1 pasted__group
usemtl initialShadingGroup
f 385/385/949 453/453/950 454/454/951 387/387/952
s 2
f 416/416/953 458/458/954 476/476/955 477/477/956
s 3
f 462/462/957 463/463/958 453/453/959 385/385/960
s 4
f 386/386/961 467/467/962 468/468/963 388/388/964
s 5
f 461/461/965 462/462/966 385/385/967 387/387/968
s 1
f 394/394/969 393/393/970 399/399/971 400/400/972
s 2
f 473/473/973 474/474/974 420/420/975 422/421/976
s 3
f 393/393/977 465/465/978 466/466/979 399/399/980
s 1
f 397/397/981 396/396/982 393/393/970 394/394/969
s 2
f 474/474/974 475/475/983 417/417/984 420/420/975
s 3
f 396/396/985 464/464/986 465/465/978 393/393/977
s 1
f 400/400/972 399/399/971 386/386/987 388/388/988
s 2
f 472/472/989 473/473/973 422/421/976 424/424/990
s 3
f 399/399/980 466/466/979 467/467/991 386/386/992
s 9
f 387/387/993 454/454/994 455/455/995 448/448/996
s 10
f 480/480/997 461/461/998 387/387/999 448/448/1000
s 11
f 394/394/1001 400/400/1002 445/445/1003 446/446/1004
s 12
f 397/397/1005 394/394/1006 446/446/1007 447/447/1008
s 13
f 400/400/1009 388/388/1010 444/444/1011 445/445/1012
s 14
f 388/388/1013 468/468/1014 469/469/1015 444/444/1016
s 15
f 402/402/1017 456/456/1018 457/457/1019 409/409/1020
s 16
f 478/478/1021 479/479/1022 402/402/1023 409/409/1024
s off
f 405/405/1025 406/406/1026 413/413/1027 412/412/1028
f 403/403/1029 405/405/1030 412/412/1031 410/410/1032
f 406/406/1033 407/407/1034 414/414/1035 413/413/1036
s 17
f 407/407/1037 470/470/1038 471/471/1039 414/414/1040
s 18
f 409/409/1041 457/457/1042 458/458/1043 416/416/1044
s 19
f 477/477/1045 478/478/1046 409/409/1047 416/416/1048
s off
f 412/412/1049 413/413/1050 422/421/1051 420/420/1052
f 410/410/1053 412/412/1054 420/420/1055 417/417/1056
f 413/413/1057 414/414/1058 424/424/1059 422/421/1060
s 20
f 414/414/1061 471/471/1062 472/472/1063 424/424/1064
s 21
f 451/451/1065 452/452/1066 391/391/1067 426/426/1068
s off
f 391/391/1069 389/389/1070 428/428/1071 426/426/1072
f 390/390/1073 392/392/1074 430/429/1075 429/430/1076
f 401/401/1077 395/395/1078 431/431/1079 432/432/1080
f 395/395/1081 398/398/1082 427/427/1083 431/431/1084
f 392/392/1085 401/401/1086 432/432/1087 430/429/1088
s 22
f 389/389/1089 449/449/1090 450/450/1091 428/428/1092
s 23
f 442/442/1093 443/443/1094 390/390/1095 429/430/1096
s off
f 404/404/1097 411/411/1098 435/435/1099 433/433/1100
f 415/415/1101 408/408/1102 434/434/1103 436/436/1104
f 411/411/1105 419/419/1106 437/437/1107 435/435/1108
s 24
f 419/419/1109 459/459/1110 460/460/1111 437/437/1112
s off
f 421/423/1113 423/422/1114 440/439/1115 439/440/1116
f 418/418/1117 421/423/1118 439/440/1119 438/438/1120
f 425/425/1121 415/415/1122 436/436/1123 441/441/1124
f 423/422/1125 425/425/1126 441/441/1127 440/439/1128
s 23
f 408/408/1129 443/443/1094 442/442/1093 434/434/1130
s 14
f 444/444/1016 469/469/1015 470/470/1131 407/407/1132
s 13
f 445/445/1012 444/444/1011 407/407/1133 406/406/1134
s 11
f 446/446/1004 445/445/1003 406/406/1135 405/405/1136
s 12
f 447/447/1008 446/446/1007 405/405/1137 403/403/1138
s 9
f 448/448/996 455/455/995 456/456/1139 402/402/1140
s 10
f 479/479/1141 480/480/997 448/448/1000 402/402/1142
s 22
f 450/450/1091 449/449/1090 404/404/1143 433/433/1144
s 21
f 398/398/1145 452/452/1066 451/451/1065 427/427/1146
s 3
f 453/453/959 463/463/958 464/464/986 396/396/985
s 1
f 454/454/951 453/453/950 396/396/982 397/397/981
s 9
f 455/455/995 454/454/994 397/397/1147 447/447/1148
f 456/456/1139 455/455/995 447/447/1148 403/403/1149
s 15
f 457/457/1019 456/456/1018 403/403/1150 410/410/1151
s 18
f 458/458/1043 457/457/1042 410/410/1152 417/417/1153
s 2
f 475/475/983 476/476/955 458/458/954 417/417/984
s 24
f 460/460/1111 459/459/1110 418/418/1154 438/438/1155
s 5
f 391/391/1156 462/462/966 461/461/965 389/389/1157
s 3
f 391/391/1158 452/452/1159 463/463/958 462/462/957
f 464/464/986 463/463/958 452/452/1159 398/398/1160
f 465/465/978 464/464/986 398/398/1160 395/395/1161
f 466/466/979 465/465/978 395/395/1161 401/401/1162
f 467/467/991 466/466/979 401/401/1162 392/392/1163
s 4
f 468/468/963 467/467/962 392/392/1164 390/390/1165
s 14
f 469/469/1015 468/468/1014 390/390/1166 443/443/1167
f 470/470/1131 469/469/1015 443/443/1167 408/408/1168
s 17
f 471/471/1039 470/470/1038 408/408/1169 415/415/1170
s 20
f 472/472/1063 471/471/1062 415/415/1171 425/425/1172
s 2
f 423/422/1173 473/473/973 472/472/989 425/425/1174
f 421/423/1175 474/474/974 473/473/973 423/422/1173
f 418/418/1176 475/475/983 474/474/974 421/423/1175
f 459/459/1177 476/476/955 475/475/983 418/418/1176
f 477/477/956 476/476/955 459/459/1177 419/419/1178
s 19
f 411/411/1179 478/478/1046 477/477/1045 419/419/1180
s 16
f 404/404/1181 479/479/1022 478/478/1021 411/411/1182
s 10
f 449/449/1183 480/480/997 479/479/1141 404/404/1184
f 389/389/1185 461/461/998 480/480/997 449/449/1183
g default
v 6.300413 3.252418 -3.741279
v 8.765297 2.985972 -3.743141
v 6.208301 2.916008 -3.005122
v 8.727573 3.086115 -3.376316
v 6.009136 3.419777 -3.373649
v 9.139131 3.674146 -3.724798
v 6.126803 3.465825 -3.862839
v 8.978408 3.544419 -3.980790
v 7.457703 3.233696 -3.934972
v 7.648800 3.419017 -2.582903
v 7.443822 3.310453 -4.233252
v 6.944202 3.140795 -3.767452
v 6.795541 3.234196 -2.991083
v 6.679786 3.559698 -4.263489
v 8.192076 2.868307 -3.490504
v 8.254525 3.268324 -3.133107
v 8.238761 3.339223 -3.967891
v 7.005784 3.042953 -0.976669
v 7.475053 3.153526 -0.933385
v 5.761645 2.905115 -1.619961
v 7.984214 3.498713 -0.944219
v 8.434842 3.720098 -1.108445
v 8.721099 3.747112 -1.466906
v 9.219088 4.106733 -2.815233
v 6.660261 2.556423 -0.397687
v 7.158489 2.327549 -0.410945
v 6.058477 3.020918 -0.618040
v 7.667059 2.538330 -0.357828
v 8.461837 3.492997 -0.429456
v 8.752203 3.613735 -0.568022
v 9.015780 3.917503 -0.887711
v 6.451325 2.132645 0.043765
v 6.957444 1.885874 -0.002923
v 6.564575 1.894300 0.990988
v 6.016310 2.645339 0.468156
v 7.147366 1.780644 0.415221
v 6.881247 2.287564 1.180807
v 7.422455 1.878753 0.307150
v 8.104295 2.616381 1.221854
v 8.133188 2.280246 0.217361
v 8.754210 2.972048 1.009501
v 5.908061 3.549990 -3.821750
v 6.382629 3.818318 -3.970467
v 5.850643 3.554357 -3.104214
v 9.005749 4.197513 -3.322489
v 8.974237 4.014333 -3.681022
v 7.293475 3.728188 -4.130836
v 8.335510 3.833277 -3.562449
v 5.829211 3.196642 -1.519179
v 9.188541 4.254970 -2.223621
v 6.188926 3.378647 -0.623597
v 9.010695 4.216540 -0.794666
v 6.151671 3.327955 0.459661
v 6.307032 2.605344 1.296710
v 6.864838 2.617460 1.364411
v 8.120255 3.091200 1.233084
v 8.955284 3.618548 0.532783
v 9.019630 4.360571 -2.848092
v 9.211825 3.955825 -3.436229
v 8.666736 3.430873 -2.651373
v 8.420782 3.837464 -1.974987
v 8.042002 3.694658 -1.613636
v 7.498719 3.456553 -1.844463
v 6.481239 2.892405 -2.114175
v 5.913908 2.999203 -2.505952
v 5.789623 3.234354 -2.408032
v 6.192750 3.763398 -3.941309
v 6.479130 3.591806 -4.147085
v 6.650559 3.185143 -3.830085
v 6.607670 3.134966 -3.076112
v 7.108999 3.256004 -1.974064
v 7.336479 3.133012 -0.957084
v 6.951305 2.438504 -0.429142
v 6.731408 1.939247 0.037742
v 6.356832 2.006409 0.896808
v 6.194010 2.869408 1.104676
v 6.057545 3.231463 -3.309427
v 6.174564 3.413600 -3.842360
v 6.519091 3.484987 -4.132015
v 6.712443 3.434354 -4.213670
v 7.449805 3.257255 -4.180300
v 8.245920 3.171826 -3.943177
v 8.948856 3.343637 -3.998248
v 9.084014 3.444457 -3.749253
v 9.193063 3.716448 -3.500414
v 9.186526 3.913449 -2.878990
v 9.017640 3.781924 -0.962521
v 8.656182 2.542592 1.001177
v 7.967446 2.262719 1.134685
v 6.975089 2.070704 1.116180
v 6.660945 1.819846 0.746590
v 6.471469 1.899412 0.686245
v 6.153645 2.250151 0.369012
v 6.338821 2.807560 -0.418344
v 5.968872 2.835265 -1.551569
v 6.015760 2.896358 -2.424351
vt 0.701811 0.230425
vt 0.717531 0.068038
vt 0.745358 0.236919
vt 0.728381 0.072134
vt 0.709095 0.266997
vt 0.713058 0.038583
vt 0.684013 0.251790
vt 0.708439 0.045850
vt 0.705773 0.136054
vt 0.768883 0.132360
vt 0.691567 0.133374
vt 0.710899 0.176299
vt 0.747784 0.189772
vt 0.682384 0.191237
vt 0.722097 0.089384
vt 0.741438 0.095996
vt 0.696624 0.071529
vt 0.856809 0.172743
vt 0.854521 0.139815
vt 0.824496 0.264783
vt 0.846630 0.104383
vt 0.835423 0.077354
vt 0.817860 0.062090
vt 0.749707 0.029335
vt 0.898798 0.191329
vt 0.898924 0.156542
vt 0.891539 0.253056
vt 0.891720 0.127291
vt 0.865989 0.074090
vt 0.860890 0.057666
vt 0.845411 0.035441
vt 0.924902 0.183806
vt 0.920223 0.158621
vt 0.949488 0.161328
vt 0.949382 0.223223
vt 0.931107 0.145000
vt 0.925761 0.133456
vt 0.957132 0.057442
vt 0.961035 0.142484
vt 0.915978 0.097082
vt 0.939566 0.039217
vt 0.671189 0.283642
vt 0.671189 0.227246
vt 0.720122 0.283642
vt 0.703320 0.019285
vt 0.722562 0.019285
vt 0.671189 0.136129
vt 0.671189 0.019285
vt 0.832908 0.283642
vt 0.777701 0.019285
vt 0.899672 0.283642
vt 0.846333 0.019285
vt 0.973433 0.283642
vt 0.973433 0.184948
vt 0.973433 0.019285
vt 0.973433 0.136208
vt 0.915750 0.019285
vt 0.746471 0.019285
vt 0.723398 0.031612
vt 0.759718 0.072850
vt 0.796747 0.083854
vt 0.814235 0.103523
vt 0.805957 0.139428
vt 0.795418 0.217932
vt 0.770744 0.261752
vt 0.772372 0.283642
vt 0.671189 0.246837
vt 0.680861 0.210555
vt 0.704770 0.198683
vt 0.742494 0.204920
vt 0.800891 0.168181
vt 0.854340 0.149219
vt 0.896813 0.170345
vt 0.922895 0.167866
vt 0.950170 0.173098
vt 0.973433 0.214912
vt 0.719862 0.254521
vt 0.688649 0.245360
vt 0.685410 0.206498
vt 0.687214 0.189013
vt 0.694796 0.133443
vt 0.703481 0.078434
vt 0.710700 0.052899
vt 0.715535 0.048664
vt 0.722181 0.039718
vt 0.747471 0.038386
vt 0.843044 0.043519
vt 0.940660 0.057527
vt 0.947899 0.082390
vt 0.953356 0.140522
vt 0.943256 0.160616
vt 0.943476 0.170123
vt 0.939776 0.198113
vt 0.897533 0.221415
vt 0.829214 0.250539
vt 0.777069 0.251659
vn 0.144105 -0.960948 -0.236245
vn 0.127546 -0.984103 -0.123588
vn 0.126853 -0.984747 -0.119085
vn 0.144105 -0.960948 -0.236245
vn -0.570179 -0.777785 -0.264474
vn -0.447107 -0.863937 -0.231752
vn -0.608305 -0.789998 -0.076612
vn -0.745816 -0.661023 -0.082504
vn -0.357451 -0.681439 -0.638647
vn -0.322989 -0.681878 -0.656293
vn -0.245719 -0.774514 -0.582880
vn -0.329260 -0.718912 -0.612172
vn 0.820157 -0.569386 0.056048
vn 0.865048 -0.499243 -0.049482
vn 0.878592 -0.468763 -0.091308
vn 0.820157 -0.569386 0.056048
vn -0.654361 -0.657760 -0.373045
vn -0.756099 -0.560154 -0.338441
vn -0.620328 -0.684975 -0.382102
vn -0.620328 -0.684975 -0.382102
vn -0.014985 -0.975398 0.219941
vn -0.039817 -0.971990 0.231624
vn -0.168223 -0.891465 0.420703
vn -0.272430 -0.888088 0.370245
vn 0.333942 -0.803669 0.492543
vn 0.164446 -0.797883 0.579949
vn 0.154974 -0.948702 0.275587
vn 0.348845 -0.915391 0.200915
vn -0.087136 -0.908279 -0.409190
vn -0.015577 -0.808243 -0.588642
vn -0.015337 -0.756969 -0.653271
vn -0.033639 -0.817872 -0.574416
vn 0.169616 -0.978578 0.116686
vn 0.162785 -0.980611 0.109106
vn -0.080991 -0.987969 0.131750
vn -0.178765 -0.981967 -0.061508
vn -0.125187 -0.891699 -0.434972
vn -0.153317 -0.780599 -0.605937
vn 0.211103 -0.807654 0.550573
vn 0.211103 -0.807654 0.550573
vn 0.477940 -0.757840 0.444131
vn 0.445021 -0.893278 0.063338
vn -0.024679 -0.369597 -0.928864
vn 0.001262 -0.730962 -0.682417
vn 0.495366 -0.855527 -0.150622
vn 0.495372 -0.856130 -0.147134
vn 0.468097 -0.869998 -0.154883
vn 0.477464 -0.866073 -0.148142
vn -0.281241 -0.952954 -0.113061
vn -0.673848 -0.690595 -0.262691
vn -0.338650 -0.929870 -0.143733
vn 0.101169 -0.994854 0.005484
vn 0.265508 -0.917964 0.294699
vn 0.265508 -0.917964 0.294699
vn 0.270691 -0.928297 0.254934
vn 0.291953 -0.956412 0.006294
vn 0.246593 -0.964037 0.099121
vn 0.246593 -0.964037 0.099121
vn 0.444370 -0.884016 -0.145093
vn 0.333327 -0.942807 -0.002718
vn -0.163475 -0.883917 0.438139
vn -0.163475 -0.883917 0.438139
vn -0.186516 -0.890744 0.414471
vn -0.418116 -0.898671 0.132547
vn 0.795341 -0.529121 0.295743
vn 0.809760 -0.516907 0.277661
vn 0.826764 -0.526197 0.198942
vn 0.727311 -0.657468 0.196864
vn -0.044130 -0.668506 -0.742396
vn -0.044260 -0.606430 -0.793904
vn -0.044260 -0.604266 -0.795552
vn -0.044130 -0.668506 -0.742396
vn -0.027357 -0.977602 -0.208675
vn -0.360137 -0.932388 0.030896
vn 0.095602 -0.952975 -0.287575
vn 0.095602 -0.952975 -0.287575
vn 0.538860 -0.672404 -0.507447
vn 0.538860 -0.672404 -0.507447
vn 0.538860 -0.672404 -0.507447
vn 0.538860 -0.672404 -0.507447
vn 0.347664 -0.580417 -0.736373
vn 0.347664 -0.580417 -0.736373
vn 0.347664 -0.580417 -0.736373
vn 0.347664 -0.580417 -0.736373
vn 0.055931 -0.972907 -0.224328
vn 0.055931 -0.972907 -0.224328
vn 0.055931 -0.972907 -0.224328
vn 0.055931 -0.972907 -0.224328
vn 0.247335 -0.965724 -0.078762
vn 0.971394 -0.226034 0.072821
vn 0.588720 -0.807861 -0.027746
vn 0.247335 -0.965724 -0.078762
vn -0.357090 -0.565611 -0.743351
vn -0.334646 -0.572292 -0.748662
vn -0.305998 -0.580264 -0.754757
vn -0.357090 -0.565611 -0.743351
vn -0.684921 -0.549308 -0.478690
vn -0.709467 -0.558110 -0.430314
vn -0.605373 -0.515907 -0.606105
vn -0.605373 -0.515907 -0.606105
vn 0.586087 -0.672695 -0.451646
vn 0.586087 -0.672695 -0.451646
vn 0.586087 -0.672695 -0.451646
vn 0.586087 -0.672695 -0.451646
vn 0.444165 -0.749824 -0.490389
vn 0.444165 -0.749824 -0.490389
vn 0.444165 -0.749824 -0.490389
vn 0.444165 -0.749824 -0.490389
vn 0.051097 -0.480728 -0.875380
vn 0.051097 -0.480728 -0.875380
vn 0.051097 -0.480728 -0.875380
vn 0.051097 -0.480728 -0.875380
vn 0.587096 -0.684879 -0.431576
vn 0.958971 -0.281796 -0.031067
vn 0.808178 -0.528277 -0.260330
vn 0.587096 -0.684879 -0.431576
vn -0.449643 0.105516 -0.886954
vn -0.413131 0.253364 -0.874717
vn -0.484657 -0.121032 -0.866290
vn -0.484657 -0.121032 -0.866290
vn -0.564910 -0.817760 -0.110209
vn -0.564910 -0.817760 -0.110209
vn -0.564910 -0.817760 -0.110209
vn -0.564910 -0.817760 -0.110209
vn 0.772843 0.434166 -0.462832
vn 0.772843 0.434166 -0.462832
vn 0.772843 0.434166 -0.462832
vn 0.772843 0.434166 -0.462832
vn 0.335210 0.473411 -0.814565
vn 0.335210 0.473411 -0.814565
vn 0.335210 0.473411 -0.814565
vn 0.335210 0.473411 -0.814565
vn 0.040059 0.523940 -0.850813
vn 0.040059 0.523940 -0.850813
vn 0.040059 0.523940 -0.850813
vn 0.040059 0.523940 -0.850813
vn -0.238535 0.588213 -0.772726
vn -0.238535 0.588213 -0.772727
vn -0.238535 0.588213 -0.772726
vn -0.238535 0.588213 -0.772726
vn -0.875849 -0.396408 -0.275226
vn -0.950227 -0.252988 -0.181842
vn -0.957586 -0.233368 -0.169022
vn -0.875849 -0.396408 -0.275226
vn 0.774933 0.611799 -0.158686
vn 0.604691 0.683267 -0.409262
vn 0.553290 0.690810 -0.465459
vn 0.553290 0.690810 -0.465459
vn -0.928139 0.241530 0.283234
vn -0.928139 0.241530 0.283234
vn -0.928139 0.241530 0.283234
vn -0.928139 0.241530 0.283234
vn 0.990686 -0.084511 0.106768
vn 0.990686 -0.084511 0.106768
vn 0.990686 -0.084511 0.106768
vn 0.990686 -0.084511 0.106768
vn -0.968748 0.247695 0.013204
vn -0.968748 0.247695 0.013204
vn -0.968748 0.247695 0.013204
vn -0.968748 0.247695 0.013204
vn -0.956695 -0.053897 0.286058
vn -0.899623 -0.222648 0.375642
vn -0.945645 -0.097563 0.310220
vn -0.956695 -0.053897 0.286058
vn 0.110895 -0.233806 0.965938
vn 0.110895 -0.233806 0.965938
vn 0.110895 -0.233806 0.965938
vn 0.110895 -0.233806 0.965938
vn -0.061215 -0.437772 0.897000
vn -0.061215 -0.437772 0.897000
vn -0.061215 -0.437772 0.897000
vn -0.061215 -0.437772 0.897000
vn 0.979096 -0.203394 -0.001108
vn 0.979096 -0.203394 -0.001108
vn 0.979096 -0.203394 -0.001108
vn 0.979096 -0.203394 -0.001108
vn 0.366651 0.295282 0.882256
vn 0.366651 0.295282 0.882256
vn 0.366651 0.295282 0.882256
vn 0.366651 0.295282 0.882256
vn 0.787592 0.601608 -0.133291
vn 0.787592 0.601608 -0.133291
vn 0.763626 -0.625315 0.160798
vn 0.709959 -0.682137 0.175063
vn -0.439703 -0.892423 0.101202
vn -0.439703 -0.892423 0.101202
vn 0.295834 -0.937580 -0.182829
vn 0.295834 -0.937580 -0.182829
vn 0.508310 -0.828396 -0.235333
vn 0.508310 -0.828396 -0.235333
vn 0.439200 -0.879655 -0.182512
vn 0.442805 -0.885102 -0.143241
vn 0.075808 -0.997122 0.001163
vn 0.126167 -0.991908 0.014161
vn -0.994314 -0.080994 -0.069139
vn -0.994314 -0.080994 -0.069139
vn -0.329551 0.489229 -0.807497
vn -0.329551 0.489229 -0.807497
vn 0.495343 -0.858259 -0.134267
vn 0.454513 -0.867168 -0.203561
vn 0.432871 -0.869503 -0.237882
vn -0.044157 -0.553952 -0.831376
vn -0.044157 -0.553952 -0.831376
vn -0.263693 -0.590937 -0.762404
vn -0.263693 -0.590937 -0.762404
vn -0.820252 -0.363234 0.441870
vn -0.820252 -0.363234 0.441870
vn -0.847606 -0.442178 -0.293331
vn -0.847606 -0.442178 -0.293331
vn -0.493404 -0.439863 -0.750382
vn -0.487173 -0.410760 -0.770674
vn -0.271830 -0.462371 -0.843991
vn 0.049720 -0.438532 -0.897339
vn 0.069387 -0.119007 -0.990466
vn -0.042599 -0.017100 -0.998946
vn 0.880135 -0.128622 -0.456966
vn 0.880135 -0.128622 -0.456966
vn 0.970725 -0.112822 -0.212047
vn 0.991841 -0.126909 0.012060
vn 0.991147 -0.128000 0.035264
vn 0.988119 -0.128056 0.084989
vn 0.988119 -0.128056 0.084989
vn 0.982633 -0.175925 0.059014
vn 0.982633 -0.175925 0.059014
vn 0.247629 -0.229724 0.941226
vn 0.338039 -0.213165 0.916674
vn 0.038563 -0.290723 0.956030
vn -0.062404 -0.796225 0.601774
vn -0.788862 -0.604206 0.112389
vn -0.862191 -0.496033 0.102846
vn -0.735775 -0.566357 -0.371315
vn -0.735775 -0.566357 -0.371315
vn -0.575481 -0.789778 0.212302
vn -0.575481 -0.789778 0.212302
vn -0.694896 -0.672629 -0.254340
vn -0.435715 -0.890944 -0.127947
vn -0.778851 -0.551534 -0.298666
s 1
g group4 pasted__pCube1
usemtl initialShadingGroup
f 481/481/1186 549/549/1187 550/550/1188 483/483/1189
s 2
f 512/512/1190 554/554/1191 572/572/1192 573/573/1193
s 3
f 558/558/1194 559/559/1195 549/549/1196 481/481/1197
s 4
f 482/482/1198 563/563/1199 564/564/1200 484/484/1201
s 5
f 557/557/1202 558/558/1203 481/481/1204 483/483/1205
s 1
f 490/490/1206 489/489/1207 495/495/1208 496/496/1209
s 2
f 569/569/1210 570/570/1211 516/516/1212 518/517/1213
s 3
f 489/489/1214 561/561/1215 562/562/1216 495/495/1217
s 1
f 493/493/1218 492/492/1219 489/489/1207 490/490/1206
s 2
f 570/570/1211 571/571/1220 513/513/1221 516/516/1212
s 3
f 492/492/1222 560/560/1223 561/561/1215 489/489/1214
s 1
f 496/496/1209 495/495/1208 482/482/1224 484/484/1225
s 2
f 568/568/1226 569/569/1210 518/517/1213 520/520/1227
s 3
f 495/495/1217 562/562/1216 563/563/1228 482/482/1229
s 9
f 483/483/1230 550/550/1231 551/551/1232 544/544/1233
s 10
f 576/576/1234 557/557/1235 483/483/1236 544/544/1237
s 11
f 490/490/1238 496/496/1239 541/541/1240 542/542/1241
s 12
f 493/493/1242 490/490/1243 542/542/1244 543/543/1245
s 13
f 496/496/1246 484/484/1247 540/540/1248 541/541/1249
s 14
f 484/484/1250 564/564/1251 565/565/1252 540/540/1253
s 15
f 498/498/1254 552/552/1255 553/553/1256 505/505/1257
s 16
f 574/574/1258 575/575/1259 498/498/1260 505/505/1261
s off
f 501/501/1262 502/502/1263 509/509/1264 508/508/1265
f 499/499/1266 501/501/1267 508/508/1268 506/506/1269
f 502/502/1270 503/503/1271 510/510/1272 509/509/1273
s 17
f 503/503/1274 566/566/1275 567/567/1276 510/510/1277
s 18
f 505/505/1278 553/553/1279 554/554/1280 512/512/1281
s 19
f 573/573/1282 574/574/1283 505/505/1284 512/512/1285
s off
f 508/508/1286 509/509/1287 518/517/1288 516/516/1289
f 506/506/1290 508/508/1291 516/516/1292 513/513/1293
f 509/509/1294 510/510/1295 520/520/1296 518/517/1297
s 20
f 510/510/1298 567/567/1299 568/568/1300 520/520/1301
s 21
f 547/547/1302 548/548/1303 487/487/1304 522/522/1305
s off
f 487/487/1306 485/485/1307 524/524/1308 522/522/1309
f 486/486/1310 488/488/1311 526/525/1312 525/526/1313
f 497/497/1314 491/491/1315 527/527/1316 528/528/1317
f 491/491/1318 494/494/1319 523/523/1320 527/527/1321
f 488/488/1322 497/497/1323 528/528/1324 526/525/1325
s 22
f 485/485/1326 545/545/1327 546/546/1328 524/524/1329
s 23
f 538/538/1330 539/539/1331 486/486/1332 525/526/1333
s off
f 500/500/1334 507/507/1335 531/531/1336 529/529/1337
f 511/511/1338 504/504/1339 530/530/1340 532/532/1341
f 507/507/1342 515/515/1343 533/533/1344 531/531/1345
s 24
f 515/515/1346 555/555/1347 556/556/1348 533/533/1349
s off
f 517/519/1350 519/518/1351 536/535/1352 535/536/1353
f 514/514/1354 517/519/1355 535/536/1356 534/534/1357
f 521/521/1358 511/511/1359 532/532/1360 537/537/1361
f 519/518/1362 521/521/1363 537/537/1364 536/535/1365
s 23
f 504/504/1366 539/539/1331 538/538/1330 530/530/1367
s 14
f 540/540/1253 565/565/1252 566/566/1368 503/503/1369
s 13
f 541/541/1249 540/540/1248 503/503/1370 502/502/1371
s 11
f 542/542/1241 541/541/1240 502/502/1372 501/501/1373
s 12
f 543/543/1245 542/542/1244 501/501/1374 499/499/1375
s 9
f 544/544/1233 551/551/1232 552/552/1376 498/498/1377
s 10
f 575/575/1378 576/576/1234 544/544/1237 498/498/1379
s 22
f 546/546/1328 545/545/1327 500/500/1380 529/529/1381
s 21
f 494/494/1382 548/548/1303 547/547/1302 523/523/1383
s 3
f 549/549/1196 559/559/1195 560/560/1223 492/492/1222
s 1
f 550/550/1188 549/549/1187 492/492/1219 493/493/1218
s 9
f 551/551/1232 550/550/1231 493/493/1384 543/543/1385
f 552/552/1376 551/551/1232 543/543/1385 499/499/1386
s 15
f 553/553/1256 552/552/1255 499/499/1387 506/506/1388
s 18
f 554/554/1280 553/553/1279 506/506/1389 513/513/1390
s 2
f 571/571/1220 572/572/1192 554/554/1191 513/513/1221
s 24
f 556/556/1348 555/555/1347 514/514/1391 534/534/1392
s 5
f 487/487/1393 558/558/1203 557/557/1202 485/485/1394
s 3
f 487/487/1395 548/548/1396 559/559/1195 558/558/1194
f 560/560/1223 559/559/1195 548/548/1396 494/494/1397
f 561/561/1215 560/560/1223 494/494/1397 491/491/1398
f 562/562/1216 561/561/1215 491/491/1398 497/497/1399
f 563/563/1228 562/562/1216 497/497/1399 488/488/1400
s 4
f 564/564/1200 563/563/1199 488/488/1401 486/486/1402
s 14
f 565/565/1252 564/564/1251 486/486/1403 539/539/1404
f 566/566/1368 565/565/1252 539/539/1404 504/504/1405
s 17
f 567/567/1276 566/566/1275 504/504/1406 511/511/1407
s 20
f 568/568/1300 567/567/1299 511/511/1408 521/521/1409
s 2
f 519/518/1410 569/569/1210 568/568/1226 521/521/1411
f 517/519/1412 570/570/1211 569/569/1210 519/518/1410
f 514/514/1413 571/571/1220 570/570/1211 517/519/1412
f 555/555/1414 572/572/1192 571/571/1220 514/514/1413
f 573/573/1193 572/572/1192 555/555/1414 515/515/1415
s 19
f 507/507/1416 574/574/1283 573/573/1282 515/515/1417
s 16
f 500/500/1418 575/575/1259 574/574/1258 507/507/1419
s 10
f 545/545/1420 576/576/1234 575/575/1378 500/500/1421
f 485/485/1422 557/557/1235 576/576/1234 545/545/1420
g default
v -7.661063 -0.466283 -8.749674
v -6.242795 -0.319485 -8.544106
v -7.737948 -0.137266 -8.662314
v -6.261250 0.000454 -8.553633
v -7.752555 -0.186938 -9.141586
v -5.997779 -0.101036 -8.994731
v -7.755186 -0.564102 -9.052915
v -6.155152 -0.418919 -9.024747
v -6.970144 -0.421732 -8.672701
v -6.935834 0.025037 -8.586565
v -6.989617 -0.694488 -8.870625
v -7.244919 -0.442948 -8.476360
v -7.305247 -0.075092 -8.668384
v -7.335821 -0.683901 -8.979281
v -6.646883 -0.376447 -8.516224
v -6.596684 0.008734 -8.646504
v -6.676543 -0.529210 -8.985744
v -7.612965 1.054762 -8.503982
v -7.373636 1.227936 -8.372670
v -8.161089 0.562417 -9.195964
v -7.021354 1.248255 -8.384639
v -6.523836 0.933201 -8.452606
v -6.245498 0.801478 -8.520676
v -5.820141 0.439223 -9.208806
v -7.840328 1.735698 -8.208179
v -7.488687 1.876429 -7.939244
v -8.122585 1.295900 -9.099699
v -7.145512 1.977081 -8.115037
v -6.570296 1.597694 -8.350212
v -6.177294 1.381983 -8.515070
v -5.872159 1.138613 -9.121142
v -7.880883 2.108261 -8.101785
v -7.532075 2.215924 -7.820582
v -7.734524 2.860946 -8.233262
v -8.147626 2.304219 -8.804516
v -7.322542 2.574173 -7.929508
v -7.484497 2.886799 -8.818352
v -7.139230 2.476728 -7.962687
v -6.821080 2.614766 -9.060201
v -6.694009 2.257030 -8.153853
v -6.347616 2.381051 -9.165859
v -7.992228 -0.666281 -9.275920
v -7.482125 -0.497787 -9.334745
v -7.876735 -0.078021 -9.495612
v -6.073242 -0.000933 -9.440507
v -6.120693 -0.280942 -9.379993
v -7.008481 -0.497587 -9.235772
v -6.598564 -0.306648 -9.390572
v -8.109555 0.645143 -9.525429
v -5.750349 0.607359 -9.459025
v -8.025076 1.301157 -9.549836
v -5.749284 1.151251 -9.668484
v -8.111105 2.218780 -9.483786
v -7.919394 2.924392 -9.033925
v -7.515422 2.971127 -9.148911
v -6.801270 2.624817 -9.498092
v -6.015434 2.098827 -9.609779
v -5.987950 0.234569 -9.585388
v -5.905037 0.100699 -9.161250
v -6.264739 0.350921 -8.551984
v -6.602894 0.436141 -8.552339
v -6.971627 0.513681 -8.509421
v -7.243405 0.382932 -8.548051
v -7.663410 0.219543 -8.597211
v -7.874545 0.157328 -9.038220
v -7.972414 0.228943 -9.407198
v -7.632023 -0.527222 -9.332586
v -7.461698 -0.626740 -9.028519
v -7.428967 -0.472830 -8.549356
v -7.426953 -0.103892 -8.634067
v -7.389012 0.299445 -8.558837
v -7.452647 1.160337 -8.414416
v -7.645318 1.811132 -8.034857
v -7.688337 2.205974 -7.904319
v -7.881176 2.731414 -8.308157
v -8.006351 2.748551 -9.200803
v -7.762334 -0.193771 -8.942401
v -7.727219 -0.548688 -8.977897
v -7.454639 -0.617461 -8.887875
v -7.335672 -0.660106 -8.823247
v -6.985781 -0.639806 -8.800128
v -6.666483 -0.515018 -8.822796
v -6.171097 -0.429213 -8.856675
v -6.037019 -0.123415 -8.815983
v -5.921220 0.090445 -8.956867
v -5.857325 0.430864 -9.006329
v -5.863596 1.107275 -8.936928
v -6.382248 2.418141 -8.786682
v -6.847939 2.721522 -8.650384
v -7.415002 2.906627 -8.548543
v -7.672707 2.724703 -8.077618
v -7.808944 2.620434 -8.137134
v -8.053161 2.297272 -8.376592
v -8.028191 1.562200 -8.604856
v -7.980640 0.602117 -9.021534
v -7.841565 0.159375 -8.875609
vt 0.077564 0.805429
vt 0.162672 0.814239
vt 0.076189 0.823604
vt 0.162346 0.827679
vt 0.044977 0.811380
vt 0.193493 0.809797
vt 0.055721 0.787803
vt 0.186081 0.793431
vt 0.121810 0.809077
vt 0.124220 0.832375
vt 0.120645 0.792266
vt 0.103588 0.810939
vt 0.102439 0.827755
vt 0.096540 0.787868
vt 0.142357 0.813027
vt 0.143553 0.830785
vt 0.147861 0.788688
vt 0.087423 0.890523
vt 0.102567 0.897748
vt 0.036173 0.865579
vt 0.120276 0.896073
vt 0.145706 0.879143
vt 0.161135 0.871777
vt 0.209275 0.843107
vt 0.087592 0.925558
vt 0.103317 0.928496
vt 0.043150 0.911182
vt 0.117202 0.926660
vt 0.141765 0.911036
vt 0.162340 0.902329
vt 0.200075 0.895694
vt 0.090801 0.938030
vt 0.103543 0.937292
vt 0.099702 0.955305
vt 0.062876 0.958812
vt 0.110032 0.945085
vt 0.115576 0.943025
vt 0.148614 0.970385
vt 0.105802 0.972025
vt 0.132853 0.936882
vt 0.179643 0.967332
vt 0.019649 0.768058
vt 0.076145 0.768058
vt 0.019649 0.813624
vt 0.226017 0.768058
vt 0.226017 0.791986
vt 0.126487 0.768058
vt 0.176215 0.768058
vt 0.019649 0.869813
vt 0.226017 0.853716
vt 0.019649 0.917049
vt 0.226017 0.901743
vt 0.019649 0.982991
vt 0.077211 0.982991
vt 0.162815 0.982991
vt 0.105261 0.982991
vt 0.226017 0.982991
vt 0.226017 0.815830
vt 0.205297 0.817991
vt 0.161814 0.846166
vt 0.142494 0.852634
vt 0.121751 0.858186
vt 0.106152 0.852089
vt 0.080762 0.843916
vt 0.048362 0.837224
vt 0.019649 0.837422
vt 0.060250 0.768058
vt 0.084533 0.785945
vt 0.094858 0.809365
vt 0.094973 0.826414
vt 0.097463 0.848108
vt 0.097741 0.894901
vt 0.097184 0.927039
vt 0.099117 0.938255
vt 0.092898 0.955775
vt 0.060116 0.982991
vt 0.058938 0.815469
vt 0.062649 0.792542
vt 0.088265 0.793577
vt 0.098023 0.795154
vt 0.120803 0.796406
vt 0.144396 0.797475
vt 0.176122 0.801126
vt 0.181757 0.815251
vt 0.192800 0.823602
vt 0.196986 0.844872
vt 0.190818 0.891047
vt 0.160020 0.954962
vt 0.135035 0.959341
vt 0.109318 0.963223
vt 0.101074 0.950941
vt 0.096099 0.950370
vt 0.080932 0.948142
vt 0.069237 0.921063
vt 0.050258 0.867262
vt 0.059855 0.838963
vn -0.385632 -0.044865 0.921561
vn -0.310389 0.109500 0.944282
vn -0.293476 0.141371 0.945455
vn -0.385632 -0.044865 0.921561
vn -0.768004 0.150830 0.622431
vn -0.660727 0.215567 0.719007
vn -0.754148 0.279187 0.594404
vn -0.861521 0.249151 0.442386
vn -0.310460 -0.906650 0.285658
vn -0.339071 -0.874651 0.346433
vn -0.278333 -0.840066 0.465640
vn -0.354563 -0.846732 0.396648
vn 0.842595 -0.180956 0.507236
vn 0.893210 -0.304155 0.331159
vn 0.881032 -0.264270 0.392358
vn 0.842595 -0.180956 0.507236
vn -0.973515 -0.147255 0.174886
vn -0.981431 -0.121026 0.148813
vn -0.954629 -0.196522 0.223748
vn -0.954629 -0.196522 0.223748
vn -0.032410 0.093430 0.995098
vn 0.016353 0.104162 0.994426
vn -0.127009 0.122070 0.984361
vn -0.124653 0.128499 0.983844
vn 0.463769 0.859307 0.215663
vn 0.289065 0.927903 0.235452
vn 0.218847 0.796957 0.562997
vn 0.468158 0.763574 0.444727
vn 0.151584 -0.759809 0.632228
vn 0.205404 -0.823931 0.528154
vn 0.188821 -0.913355 0.360735
vn 0.153346 -0.890229 0.428925
vn 0.086316 0.173197 0.981098
vn 0.024134 0.212463 0.976871
vn -0.139610 0.682459 0.717467
vn -0.327984 0.480728 0.813220
vn 0.083366 -0.792519 0.604122
vn -0.032110 -0.859592 0.509970
vn -0.098727 0.197812 0.975256
vn -0.098727 0.197812 0.975256
vn 0.544305 0.815415 0.197054
vn 0.560593 0.684291 0.466348
vn 0.181631 -0.955106 0.234059
vn 0.170394 -0.909535 0.379095
vn -0.078964 -0.169667 0.982333
vn -0.013004 -0.188123 0.982059
vn -0.113571 -0.169046 0.979043
vn -0.138651 -0.156838 0.977844
vn -0.868242 -0.087976 0.488279
vn -0.960187 -0.181062 0.212739
vn -0.932760 -0.071796 0.353276
vn -0.837787 -0.039246 0.544584
vn 0.118461 -0.177276 0.977006
vn 0.118461 -0.177276 0.977006
vn 0.083921 -0.178750 0.980309
vn 0.060917 -0.179610 0.981850
vn -0.110851 -0.200024 0.973500
vn -0.110851 -0.200024 0.973500
vn -0.013536 -0.188496 0.981981
vn -0.074184 -0.195894 0.977815
vn -0.152751 -0.122691 0.980619
vn -0.152751 -0.122691 0.980619
vn -0.078757 -0.130409 0.988327
vn -0.004734 -0.137361 0.990510
vn 0.763653 0.007306 0.645585
vn 0.801501 -0.039660 0.596676
vn 0.842678 -0.108644 0.527343
vn 0.752267 -0.047746 0.657126
vn -0.330127 -0.507689 0.795781
vn -0.314411 -0.512611 0.798984
vn -0.222211 -0.538137 0.813038
vn -0.330127 -0.507689 0.795781
vn -0.689579 -0.356820 0.630207
vn -0.843530 -0.204751 0.496522
vn -0.640990 -0.393502 0.659005
vn -0.640990 -0.393502 0.659005
vn 0.114813 -0.243097 0.963183
vn 0.114813 -0.243097 0.963183
vn 0.114813 -0.243097 0.963183
vn 0.114813 -0.243097 0.963183
vn 0.302685 -0.391078 0.869160
vn 0.302685 -0.391078 0.869160
vn 0.302685 -0.391078 0.869160
vn 0.302685 -0.391078 0.869160
vn 0.285678 -0.087772 0.954298
vn 0.285678 -0.087772 0.954298
vn 0.285678 -0.087772 0.954298
vn 0.285678 -0.087772 0.954298
vn 0.761892 -0.075927 0.643239
vn 0.902990 -0.031997 0.428468
vn 0.840735 -0.054074 0.538740
vn 0.761892 -0.075927 0.643239
vn -0.587767 -0.296424 0.752770
vn -0.553834 -0.305336 0.774621
vn -0.481460 -0.321943 0.815199
vn -0.587767 -0.296424 0.752770
vn -0.939354 -0.132284 0.316409
vn -0.956858 -0.112656 0.267829
vn -0.866949 -0.190444 0.460575
vn -0.866949 -0.190444 0.460575
vn 0.151967 -0.290019 0.944878
vn 0.151967 -0.290018 0.944878
vn 0.151967 -0.290018 0.944878
vn 0.151967 -0.290019 0.944878
vn 0.543334 -0.140925 0.827604
vn 0.543334 -0.140925 0.827604
vn 0.543334 -0.140925 0.827604
vn 0.543334 -0.140925 0.827604
vn 0.279258 -0.225565 0.933346
vn 0.279258 -0.225565 0.933346
vn 0.279258 -0.225565 0.933346
vn 0.279258 -0.225565 0.933346
vn 0.837064 0.287577 0.465429
vn 0.906611 0.332402 0.259933
vn 0.889330 0.319916 0.326719
vn 0.837064 0.287577 0.465429
vn 0.058531 -0.977364 -0.203309
vn 0.037060 -0.967327 -0.250811
vn 0.111767 -0.990396 -0.081383
vn 0.111767 -0.990396 -0.081383
vn -0.816149 0.264032 0.513993
vn -0.816149 0.264032 0.513993
vn -0.816149 0.264032 0.513993
vn -0.816149 0.264032 0.513993
vn 0.933727 -0.327274 -0.145069
vn 0.933727 -0.327274 -0.145069
vn 0.933727 -0.327274 -0.145069
vn 0.933727 -0.327274 -0.145069
vn 0.255302 -0.857146 -0.447350
vn 0.255302 -0.857146 -0.447350
vn 0.255302 -0.857146 -0.447350
vn 0.255302 -0.857146 -0.447350
vn 0.112177 -0.866561 -0.486300
vn 0.112177 -0.866561 -0.486300
vn 0.112177 -0.866561 -0.486300
vn 0.112177 -0.866561 -0.486300
vn 0.111324 -0.904166 -0.412421
vn 0.111324 -0.904166 -0.412421
vn 0.111324 -0.904166 -0.412421
vn 0.111324 -0.904166 -0.412421
vn -0.912908 -0.361144 0.190196
vn -0.907122 -0.411035 0.090447
vn -0.902595 -0.426784 0.056380
vn -0.912908 -0.361144 0.190196
vn 0.879019 -0.424942 -0.216216
vn 0.842894 -0.476026 -0.250857
vn 0.797826 -0.529790 -0.287744
vn 0.797826 -0.529790 -0.287744
vn -0.979630 0.095832 -0.176467
vn -0.979630 0.095832 -0.176467
vn -0.979630 0.095832 -0.176467
vn -0.979630 0.095832 -0.176467
vn 0.966650 0.063910 0.247999
vn 0.966650 0.063910 0.247999
vn 0.966650 0.063910 0.247999
vn 0.966650 0.063910 0.247999
vn -0.992694 -0.035627 -0.115276
vn -0.992694 -0.035627 -0.115276
vn -0.992694 -0.035627 -0.115276
vn -0.992694 -0.035627 -0.115276
vn -0.941822 0.333886 0.038610
vn -0.894245 0.431933 0.117306
vn -0.931870 0.358170 0.057721
vn -0.941822 0.333886 0.038610
vn 0.443745 0.890224 0.102916
vn 0.443745 0.890224 0.102916
vn 0.443745 0.890224 0.102916
vn 0.443745 0.890224 0.102916
vn 0.023758 0.991868 0.125037
vn 0.023758 0.991868 0.125037
vn 0.023758 0.991868 0.125037
vn 0.023758 0.991868 0.125037
vn 0.895063 0.300995 0.329036
vn 0.895063 0.300995 0.329036
vn 0.895063 0.300995 0.329036
vn 0.895063 0.300995 0.329036
vn 0.507598 0.859316 -0.062612
vn 0.507598 0.859316 -0.062612
vn 0.507598 0.859316 -0.062612
vn 0.507598 0.859316 -0.062612
vn 0.901762 -0.387664 -0.191159
vn 0.901762 -0.387664 -0.191159
vn 0.819873 -0.093903 0.564793
vn 0.748539 -0.063527 0.660041
vn 0.058316 -0.142682 0.988049
vn 0.058316 -0.142682 0.988049
vn 0.044126 -0.180177 0.982644
vn 0.044126 -0.180177 0.982644
vn 0.003134 -0.186340 0.982480
vn 0.003134 -0.186340 0.982480
vn -0.140325 -0.175545 0.974419
vn -0.225470 -0.136906 0.964583
vn -0.816415 -0.070956 0.573089
vn -0.814358 -0.032585 0.579447
vn -0.881502 -0.469995 -0.045379
vn -0.881502 -0.469995 -0.045379
vn -0.026718 -0.921926 -0.386444
vn -0.026718 -0.921926 -0.386444
vn 0.183864 -0.237837 0.953744
vn -0.067323 -0.199652 0.977551
vn -0.097727 -0.194094 0.976103
vn -0.165953 -0.551027 0.817820
vn -0.165953 -0.551027 0.817820
vn -0.406207 -0.336148 0.849706
vn -0.406207 -0.336148 0.849706
vn -0.844620 0.504673 0.178667
vn -0.844620 0.504673 0.178667
vn -0.996953 -0.039344 0.067360
vn -0.996953 -0.039344 0.067360
vn -0.252311 -0.955882 0.150425
vn -0.297604 -0.944328 0.140277
vn -0.251750 -0.943098 0.217228
vn 0.174154 -0.939846 0.293870
vn 0.256720 -0.964050 0.068570
vn 0.190382 -0.981596 0.014946
vn 0.896734 -0.430628 0.102116
vn 0.896734 -0.430628 0.102116
vn 0.916948 -0.386340 0.099739
vn 0.964833 -0.236298 0.115155
vn 0.973325 -0.196345 0.118689
vn 0.996457 0.033405 0.077184
vn 0.996457 0.033405 0.077184
vn 0.931687 0.361116 0.039423
vn 0.931687 0.361116 0.039423
vn 0.420186 0.896007 -0.143582
vn 0.468614 0.874803 -0.122968
vn 0.285908 0.942450 -0.173332
vn -0.075967 0.934939 0.346581
vn -0.866975 0.336066 0.367987
vn -0.899416 0.307308 0.310825
vn -0.969609 -0.095452 0.225273
vn -0.969609 -0.095452 0.225273
vn -0.893500 -0.134537 0.428435
vn -0.893500 -0.134537 0.428435
vn -0.900011 -0.253178 0.354798
vn -0.813026 -0.214240 0.541379
vn -0.955401 -0.289671 0.057436
s 1
g group2 pasted__pasted__pCube1 pasted__group1
usemtl initialShadingGroup
f 577/577/1423 645/645/1424 646/646/1425 579/579/1426
s 2
f 608/608/1427 650/650/1428 668/668/1429 669/669/1430
s 3
f 654/654/1431 655/655/1432 645/645/1433 577/577/1434
s 4
f 578/578/1435 659/659/1436 660/660/1437 580/580/1438
s 5
f 653/653/1439 654/654/1440 577/577/1441 579/579/1442
s 1
f 586/586/1443 585/585/1444 591/591/1445 592/592/1446
s 2
f 665/665/1447 666/666/1448 612/612/1449 614/613/1450
s 3
f 585/585/1451 657/657/1452 658/658/1453 591/591/1454
s 1
f 589/589/1455 588/588/1456 585/585/1444 586/586/1443
s 2
f 666/666/1448 667/667/1457 609/609/1458 612/612/1449
s 3
f 588/588/1459 656/656/1460 657/657/1452 585/585/1451
s 1
f 592/592/1446 591/591/1445 578/578/1461 580/580/1462
s 2
f 664/664/1463 665/665/1447 614/613/1450 616/616/1464
s 3
f 591/591/1454 658/658/1453 659/659/1465 578/578/1466
s 9
f 579/579/1467 646/646/1468 647/647/1469 640/640/1470
s 10
f 672/672/1471 653/653/1472 579/579/1473 640/640/1474
s 11
f 586/586/1475 592/592/1476 637/637/1477 638/638/1478
s 12
f 589/589/1479 586/586/1480 638/638/1481 639/639/1482
s 13
f 592/592/1483 580/580/1484 636/636/1485 637/637/1486
s 14
f 580/580/1487 660/660/1488 661/661/1489 636/636/1490
s 15
f 594/594/1491 648/648/1492 649/649/1493 601/601/1494
s 16
f 670/670/1495 671/671/1496 594/594/1497 601/601/1498
s off
f 597/597/1499 598/598/1500 605/605/1501 604/604/1502
f 595/595/1503 597/597/1504 604/604/1505 602/602/1506
f 598/598/1507 599/599/1508 606/606/1509 605/605/1510
s 17
f 599/599/1511 662/662/1512 663/663/1513 606/606/1514
s 18
f 601/601/1515 649/649/1516 650/650/1517 608/608/1518
s 19
f 669/669/1519 670/670/1520 601/601/1521 608/608/1522
s off
f 604/604/1523 605/605/1524 614/613/1525 612/612/1526
f 602/602/1527 604/604/1528 612/612/1529 609/609/1530
f 605/605/1531 606/606/1532 616/616/1533 614/613/1534
s 20
f 606/606/1535 663/663/1536 664/664/1537 616/616/1538
s 21
f 643/643/1539 644/644/1540 583/583/1541 618/618/1542
s off
f 583/583/1543 581/581/1544 620/620/1545 618/618/1546
f 582/582/1547 584/584/1548 622/621/1549 621/622/1550
f 593/593/1551 587/587/1552 623/623/1553 624/624/1554
f 587/587/1555 590/590/1556 619/619/1557 623/623/1558
f 584/584/1559 593/593/1560 624/624/1561 622/621/1562
s 22
f 581/581/1563 641/641/1564 642/642/1565 620/620/1566
s 23
f 634/634/1567 635/635/1568 582/582/1569 621/622/1570
s off
f 596/596/1571 603/603/1572 627/627/1573 625/625/1574
f 607/607/1575 600/600/1576 626/626/1577 628/628/1578
f 603/603/1579 611/611/1580 629/629/1581 627/627/1582
s 24
f 611/611/1583 651/651/1584 652/652/1585 629/629/1586
s off
f 613/615/1587 615/614/1588 632/631/1589 631/632/1590
f 610/610/1591 613/615/1592 631/632/1593 630/630/1594
f 617/617/1595 607/607/1596 628/628/1597 633/633/1598
f 615/614/1599 617/617/1600 633/633/1601 632/631/1602
s 23
f 600/600/1603 635/635/1568 634/634/1567 626/626/1604
s 14
f 636/636/1490 661/661/1489 662/662/1605 599/599/1606
s 13
f 637/637/1486 636/636/1485 599/599/1607 598/598/1608
s 11
f 638/638/1478 637/637/1477 598/598/1609 597/597/1610
s 12
f 639/639/1482 638/638/1481 597/597/1611 595/595/1612
s 9
f 640/640/1470 647/647/1469 648/648/1613 594/594/1614
s 10
f 671/671/1615 672/672/1471 640/640/1474 594/594/1616
s 22
f 642/642/1565 641/641/1564 596/596/1617 625/625/1618
s 21
f 590/590/1619 644/644/1540 643/643/1539 619/619/1620
s 3
f 645/645/1433 655/655/1432 656/656/1460 588/588/1459
s 1
f 646/646/1425 645/645/1424 588/588/1456 589/589/1455
s 9
f 647/647/1469 646/646/1468 589/589/1621 639/639/1622
f 648/648/1613 647/647/1469 639/639/1622 595/595/1623
s 15
f 649/649/1493 648/648/1492 595/595/1624 602/602/1625
s 18
f 650/650/1517 649/649/1516 602/602/1626 609/609/1627
s 2
f 667/667/1457 668/668/1429 650/650/1428 609/609/1458
s 24
f 652/652/1585 651/651/1584 610/610/1628 630/630/1629
s 5
f 583/583/1630 654/654/1440 653/653/1439 581/581/1631
s 3
f 583/583/1632 644/644/1633 655/655/1432 654/654/1431
f 656/656/1460 655/655/1432 644/644/1633 590/590/1634
f 657/657/1452 656/656/1460 590/590/1634 587/587/1635
f 658/658/1453 657/657/1452 587/587/1635 593/593/1636
f 659/659/1465 658/658/1453 593/593/1636 584/584/1637
s 4
f 660/660/1437 659/659/1436 584/584/1638 582/582/1639
s 14
f 661/661/1489 660/660/1488 582/582/1640 635/635/1641
f 662/662/1605 661/661/1489 635/635/1641 600/600/1642
s 17
f 663/663/1513 662/662/1512 600/600/1643 607/607/1644
s 20
f 664/664/1537 663/663/1536 607/607/1645 617/617/1646
s 2
f 615/614/1647 665/665/1447 664/664/1463 617/617/1648
f 613/615/1649 666/666/1448 665/665/1447 615/614/1647
f 610/610/1650 667/667/1457 666/666/1448 613/615/1649
f 651/651/1651 668/668/1429 667/667/1457 610/610/1650
f 669/669/1430 668/668/1429 651/651/1651 611/611/1652
s 19
f 603/603/1653 670/670/1520 669/669/1519 611/611/1654
s 16
f 596/596/1655 671/671/1496 670/670/1495 603/603/1656
s 10
f 641/641/1657 672/672/1471 671/671/1615 596/596/1658
f 581/581/1659 653/653/1472 672/672/1471 641/641/1657
g default
v -1.080794 -0.843355 -9.083644
v 1.140220 -0.764369 -9.170103
v -1.172066 -0.527732 -9.002455
v 1.145468 -0.476604 -9.269098
v -1.264509 -0.621953 -9.604049
v 1.496308 -0.609030 -9.732657
v -1.206628 -0.952465 -9.459261
v 1.283661 -0.937664 -9.756870
v -0.059783 -0.754083 -8.967166
v -0.064247 -0.323886 -8.904047
v -0.052930 -0.991283 -9.150637
v -0.487343 -0.717511 -8.658512
v -0.672616 -0.443911 -8.984865
v -0.656226 -1.004191 -9.295103
v 0.527692 -0.706504 -8.867099
v 0.631195 -0.402101 -9.138443
v 0.562876 -0.914421 -9.420196
v -0.732345 0.858909 -8.502489
v -0.347801 1.014705 -8.271743
v -1.450119 0.309630 -9.484949
v 0.078825 0.959046 -8.424071
v 0.700635 0.570081 -8.897382
v 1.132988 0.370761 -9.187847
v 1.686772 0.073009 -9.722667
v -0.594888 1.610175 -7.960568
v 0.059681 1.681481 -7.589824
v -1.141350 1.245654 -9.107734
v 0.646818 1.637179 -7.868371
v 0.975479 1.177537 -8.669110
v 1.334408 1.006076 -8.968832
v 1.622219 0.872043 -9.439119
v -0.438898 1.977473 -7.803977
v 0.197894 2.019205 -7.450773
v -0.407161 2.728076 -8.002399
v -1.010041 2.208857 -8.677733
v 0.512690 2.347972 -7.600013
v -0.066679 2.662047 -8.653946
v 0.806772 2.181084 -7.654248
v 1.105208 2.259336 -8.955207
v 1.305312 1.843235 -8.189843
v 1.797559 1.933044 -9.076489
v -1.379725 -0.994226 -9.659327
v -0.887724 -0.847322 -9.740789
v -1.369954 -0.479289 -10.003754
v 1.371322 -0.421340 -10.020192
v 1.282744 -0.740080 -10.033685
v -0.062929 -0.822781 -9.576625
v 0.678530 -0.677332 -9.856669
v -1.368809 0.427694 -9.827878
v 1.678452 0.344063 -9.772484
v -1.027136 1.272646 -9.582342
v 1.581070 1.027164 -9.713598
v -1.060422 2.192573 -9.464125
v -0.769138 2.780729 -8.930666
v -0.172159 2.754042 -9.071063
v 0.813280 2.382364 -9.414408
v 1.661010 1.873515 -9.491115
v 1.429358 -0.092847 -10.012313
v 1.610994 -0.348980 -9.806881
v 1.117081 -0.120835 -9.287172
v 0.560964 0.036591 -9.027774
v -0.140697 0.195796 -8.736297
v -0.563605 0.050138 -8.781786
v -1.060961 -0.140030 -8.908842
v -1.336419 -0.240999 -9.447642
v -1.420741 -0.140162 -9.865741
v -1.063241 -0.889582 -9.754204
v -0.852780 -0.975649 -9.388659
v -0.749318 -0.783190 -8.779111
v -0.824810 -0.475679 -8.952448
v -0.757270 -0.048461 -8.829176
v -0.492377 0.955567 -8.346481
v -0.236975 1.649450 -7.719866
v -0.065690 2.043765 -7.551351
v -0.574508 2.602254 -8.074762
v -0.881344 2.633931 -9.125353
v -1.263352 -0.628353 -9.368682
v -1.176626 -0.938810 -9.371484
v -0.833040 -0.961151 -9.216275
v -0.648650 -0.974045 -9.104711
v -0.056787 -0.945195 -9.078058
v 0.558511 -0.893614 -9.237763
v 1.261795 -0.940510 -9.573897
v 1.453415 -0.638723 -9.579752
v 1.602421 -0.388279 -9.675267
v 1.672619 0.019916 -9.626813
v 1.637646 0.810813 -9.347528
v 1.817944 1.946843 -8.772841
v 1.059551 2.384702 -8.535776
v -0.004535 2.722695 -8.341761
v -0.211428 2.590438 -7.799753
v -0.388780 2.495085 -7.861669
v -0.748974 2.187143 -8.155173
v -0.967638 1.480439 -8.481248
v -1.269888 0.337793 -9.270613
v -1.295811 -0.238311 -9.260449
vt 0.103116 0.514189
vt 0.216272 0.516957
vt 0.097799 0.528834
vt 0.221308 0.526993
vt 0.064408 0.501153
vt 0.250355 0.503619
vt 0.086929 0.495876
vt 0.238158 0.496359
vt 0.154367 0.522933
vt 0.156615 0.545076
vt 0.156817 0.507484
vt 0.131402 0.525195
vt 0.124379 0.539292
vt 0.123766 0.501239
vt 0.185690 0.524300
vt 0.195663 0.538063
vt 0.195424 0.500439
vt 0.118749 0.617061
vt 0.142891 0.625432
vt 0.051982 0.565716
vt 0.164327 0.616587
vt 0.199193 0.587714
vt 0.225203 0.571211
vt 0.267353 0.534510
vt 0.136443 0.658848
vt 0.164530 0.659973
vt 0.064935 0.644560
vt 0.186260 0.651298
vt 0.210065 0.620874
vt 0.231804 0.609066
vt 0.261717 0.594741
vt 0.146557 0.671372
vt 0.169590 0.668129
vt 0.154275 0.694462
vt 0.096367 0.701522
vt 0.180454 0.675197
vt 0.190559 0.670989
vt 0.251262 0.701543
vt 0.170880 0.717351
vt 0.215290 0.658725
vt 0.256776 0.660502
vt 0.071252 0.482892
vt 0.105838 0.482892
vt 0.030636 0.482892
vt 0.255291 0.482892
vt 0.276996 0.482892
vt 0.160990 0.482892
vt 0.213814 0.482892
vt 0.030636 0.567950
vt 0.276996 0.548471
vt 0.030636 0.653260
vt 0.276996 0.599450
vt 0.030636 0.737139
vt 0.112252 0.737139
vt 0.276996 0.737139
vt 0.170992 0.737139
vt 0.276996 0.664137
vt 0.276996 0.507455
vt 0.260868 0.510149
vt 0.223577 0.543736
vt 0.192056 0.559953
vt 0.152373 0.574128
vt 0.128712 0.566580
vt 0.099495 0.552118
vt 0.063448 0.529224
vt 0.030636 0.516300
vt 0.093971 0.482892
vt 0.111205 0.498234
vt 0.122472 0.523192
vt 0.116016 0.536638
vt 0.117547 0.560433
vt 0.134484 0.622587
vt 0.153401 0.659119
vt 0.161936 0.670400
vt 0.144643 0.695391
vt 0.086568 0.737139
vt 0.079226 0.512084
vt 0.091294 0.500394
vt 0.114501 0.505657
vt 0.125211 0.509012
vt 0.156050 0.511786
vt 0.191737 0.507940
vt 0.231439 0.502210
vt 0.241751 0.509361
vt 0.253730 0.514742
vt 0.260839 0.535314
vt 0.255890 0.593073
vt 0.245373 0.660957
vt 0.224925 0.688676
vt 0.171018 0.704506
vt 0.159716 0.687871
vt 0.152566 0.687205
vt 0.128337 0.685303
vt 0.104613 0.656901
vt 0.067819 0.575079
vt 0.075568 0.536152
vn -0.463877 0.006859 0.885873
vn -0.397900 0.281038 0.873323
vn -0.398715 0.278411 0.873792
vn -0.463877 0.006859 0.885873
vn -0.637708 0.146044 0.756307
vn -0.496264 0.235067 0.835743
vn -0.613364 0.243063 0.751468
vn -0.751992 0.204235 0.626734
vn -0.152748 -0.959094 0.238341
vn -0.192914 -0.921467 0.337169
vn -0.150773 -0.876170 0.457814
vn -0.216108 -0.894691 0.390930
vn 0.807320 -0.169033 0.565387
vn 0.851660 -0.312764 0.420539
vn 0.846960 -0.290220 0.445456
vn 0.807320 -0.169033 0.565387
vn -0.922764 -0.271430 0.273554
vn -0.932008 -0.262082 0.250349
vn -0.889917 -0.299195 0.344283
vn -0.889917 -0.299195 0.344283
vn 0.132975 0.311860 0.940777
vn 0.135294 0.316622 0.938854
vn 0.205847 0.331408 0.920758
vn 0.258266 0.369063 0.892800
vn 0.470807 0.870262 0.144860
vn 0.280355 0.950741 0.132259
vn 0.263113 0.869786 0.417426
vn 0.458913 0.830004 0.317006
vn 0.128590 -0.786290 0.604329
vn 0.117362 -0.838831 0.531590
vn 0.132207 -0.896830 0.422158
vn 0.117921 -0.831002 0.543627
vn 0.062437 0.431531 0.899935
vn 0.020084 0.448441 0.893587
vn -0.018987 0.747342 0.664168
vn -0.072962 0.659228 0.748395
vn 0.078971 -0.821761 0.564333
vn 0.002824 -0.880772 0.473532
vn 0.366791 0.443931 0.817551
vn 0.366791 0.443931 0.817551
vn 0.579728 0.798608 0.161682
vn 0.654196 0.595124 0.466749
vn 0.029642 -0.983220 0.180001
vn 0.144953 -0.884525 0.443401
vn -0.142288 -0.225327 0.963837
vn -0.080021 -0.260187 0.962237
vn -0.185539 -0.326650 0.926755
vn -0.196404 -0.261703 0.944954
vn -0.881925 -0.001328 0.471388
vn -0.961605 -0.093930 0.257864
vn -0.908593 -0.016438 0.417359
vn -0.845562 0.041578 0.532255
vn 0.310428 -0.221075 0.924533
vn 0.310428 -0.221075 0.924533
vn 0.323164 -0.295350 0.899074
vn 0.331659 -0.351848 0.875331
vn -0.026737 -0.342661 0.939078
vn -0.026737 -0.342661 0.939078
vn 0.122504 -0.435910 0.891614
vn 0.032845 -0.381328 0.923856
vn 0.328322 -0.069040 0.942039
vn 0.328322 -0.069040 0.942039
vn 0.358571 -0.147605 0.921759
vn 0.382248 -0.213748 0.898998
vn 0.663447 0.008182 0.748179
vn 0.718095 -0.046155 0.694413
vn 0.725957 -0.147010 0.671844
vn 0.575031 -0.144148 0.805333
vn -0.391016 -0.512089 0.764769
vn -0.375065 -0.523384 0.765112
vn -0.276233 -0.587001 0.761003
vn -0.391016 -0.512089 0.764769
vn -0.750485 -0.241893 0.615029
vn -0.902197 -0.003364 0.431310
vn -0.706764 -0.289617 0.645451
vn -0.706764 -0.289617 0.645451
vn 0.343719 -0.642812 0.684580
vn 0.343719 -0.642812 0.684580
vn 0.343719 -0.642812 0.684580
vn 0.343719 -0.642812 0.684580
vn 0.200886 -0.738253 0.643916
vn 0.200886 -0.738253 0.643916
vn 0.200886 -0.738253 0.643916
vn 0.200886 -0.738253 0.643916
vn 0.394432 -0.441262 0.806047
vn 0.394432 -0.441262 0.806047
vn 0.394432 -0.441262 0.806047
vn 0.394432 -0.441262 0.806047
vn 0.536167 -0.333501 0.775437
vn 0.772590 -0.230528 0.591575
vn 0.637251 -0.296395 0.711379
vn 0.536167 -0.333501 0.775437
vn -0.543112 -0.121281 0.830855
vn -0.502647 -0.146808 0.851935
vn -0.442165 -0.182745 0.878120
vn -0.543112 -0.121281 0.830855
vn -0.876258 0.019584 0.481444
vn -0.914618 0.031236 0.403110
vn -0.787394 -0.002363 0.616446
vn -0.787394 -0.002363 0.616445
vn 0.540247 -0.441019 0.716684
vn 0.540247 -0.441019 0.716684
vn 0.540247 -0.441019 0.716684
vn 0.540247 -0.441019 0.716684
vn 0.486323 -0.318109 0.813816
vn 0.486323 -0.318109 0.813816
vn 0.486323 -0.318109 0.813816
vn 0.486323 -0.318109 0.813816
vn 0.295527 -0.650282 0.699855
vn 0.295527 -0.650282 0.699855
vn 0.295527 -0.650282 0.699855
vn 0.295527 -0.650282 0.699855
vn 0.654446 -0.461197 0.599164
vn 0.879287 -0.345104 0.328265
vn 0.743300 -0.427996 0.514124
vn 0.654446 -0.461197 0.599164
vn 0.124414 -0.960755 -0.247933
vn 0.129031 -0.947941 -0.291133
vn 0.113700 -0.981509 -0.153989
vn 0.113700 -0.981509 -0.153989
vn -0.874044 0.205113 0.440426
vn -0.874044 0.205113 0.440426
vn -0.874044 0.205113 0.440426
vn -0.874044 0.205113 0.440426
vn 0.827689 -0.360054 -0.430456
vn 0.827689 -0.360054 -0.430456
vn 0.827689 -0.360054 -0.430456
vn 0.827689 -0.360054 -0.430456
vn -0.025319 -0.903441 -0.427964
vn -0.025319 -0.903441 -0.427964
vn -0.025319 -0.903441 -0.427964
vn -0.025319 -0.903441 -0.427964
vn 0.104812 -0.921838 -0.373133
vn 0.104812 -0.921838 -0.373133
vn 0.104812 -0.921838 -0.373133
vn 0.104812 -0.921838 -0.373133
vn -0.258806 -0.805781 -0.532669
vn -0.258806 -0.805781 -0.532669
vn -0.258806 -0.805781 -0.532669
vn -0.258806 -0.805781 -0.532669
vn -0.961339 -0.227337 0.155384
vn -0.988453 -0.136215 0.066377
vn -0.988857 -0.134207 0.064428
vn -0.961339 -0.227337 0.155384
vn 0.744756 -0.098972 -0.659957
vn 0.713958 -0.199406 -0.671194
vn 0.684136 -0.276842 -0.674771
vn 0.684136 -0.276842 -0.674771
vn -0.910762 0.384910 -0.149526
vn -0.910762 0.384910 -0.149526
vn -0.910762 0.384910 -0.149526
vn -0.910762 0.384910 -0.149526
vn 0.993889 0.110169 -0.006831
vn 0.993889 0.110169 -0.006831
vn 0.993889 0.110169 -0.006831
vn 0.993889 0.110169 -0.006831
vn -0.996546 0.066395 -0.049882
vn -0.996546 0.066395 -0.049882
vn -0.996546 0.066395 -0.049882
vn -0.996546 0.066395 -0.049882
vn -0.876485 0.448808 0.174201
vn -0.831292 0.499017 0.244816
vn -0.869410 0.457625 0.186294
vn -0.876485 0.448808 0.174201
vn 0.354962 0.932418 0.067814
vn 0.354962 0.932418 0.067814
vn 0.354962 0.932418 0.067814
vn 0.354962 0.932418 0.067814
vn 0.144896 0.987868 0.055865
vn 0.144896 0.987868 0.055865
vn 0.144896 0.987868 0.055865
vn 0.144896 0.987868 0.055865
vn 0.965357 -0.050682 -0.255965
vn 0.965357 -0.050682 -0.255965
vn 0.965357 -0.050682 -0.255965
vn 0.965357 -0.050682 -0.255965
vn 0.454705 0.876283 -0.159285
vn 0.454705 0.876283 -0.159285
vn 0.454705 0.876283 -0.159285
vn 0.454705 0.876283 -0.159285
vn 0.758524 -0.041554 -0.650319
vn 0.758524 -0.041554 -0.650319
vn 0.631355 -0.194228 0.750778
vn 0.546416 -0.186390 0.816510
vn 0.397029 -0.257662 0.880896
vn 0.397029 -0.257662 0.880896
vn 0.336304 -0.386315 0.858871
vn 0.336304 -0.386315 0.858871
vn 0.158468 -0.456561 0.875466
vn 0.158468 -0.456561 0.875466
vn -0.174137 -0.392265 0.903219
vn -0.282209 -0.318110 0.905077
vn -0.842196 0.033794 0.538111
vn -0.834846 0.050025 0.548206
vn -0.998408 -0.055131 -0.011906
vn -0.998408 -0.055131 -0.011906
vn 0.135095 -0.926552 -0.351071
vn 0.135095 -0.926552 -0.351071
vn 0.090755 -0.347940 0.933114
vn -0.108634 -0.416033 0.902837
vn -0.127551 -0.421589 0.897771
vn -0.222695 -0.617218 0.754618
vn -0.222695 -0.617218 0.754618
vn -0.368491 -0.223349 0.902402
vn -0.368491 -0.223349 0.902402
vn -0.795934 0.530517 0.291617
vn -0.795934 0.530516 0.291617
vn -0.975202 -0.198196 0.098486
vn -0.975202 -0.198196 0.098486
vn -0.105465 -0.986294 0.126894
vn -0.120107 -0.984441 0.128256
vn -0.094265 -0.974019 0.205916
vn 0.093370 -0.958963 0.267716
vn 0.007921 -0.996659 0.081297
vn -0.026905 -0.998526 0.047148
vn 0.835343 -0.538845 0.108856
vn 0.835342 -0.538844 0.108856
vn 0.894392 -0.443996 0.054122
vn 0.964290 -0.262489 0.035275
vn 0.983823 -0.177198 0.026318
vn 0.998242 0.053368 0.025762
vn 0.998243 0.053368 0.025762
vn 0.987876 -0.115794 -0.103406
vn 0.987876 -0.115794 -0.103406
vn 0.364210 0.911534 -0.190935
vn 0.429853 0.889297 -0.156134
vn 0.250108 0.940469 -0.230139
vn -0.046989 0.963041 0.265225
vn -0.777488 0.264977 0.570350
vn -0.811250 0.237456 0.534311
vn -0.936949 0.039131 0.347269
vn -0.936949 0.039131 0.347269
vn -0.926821 0.064867 0.369858
vn -0.926821 0.064867 0.369858
vn -0.941682 -0.101655 0.320783
vn -0.873671 -0.047664 0.484177
vn -0.981541 -0.165669 0.095559
s 1
g pasted__pCube1 group1
usemtl initialShadingGroup
f 673/673/1660 741/741/1661 742/742/1662 675/675/1663
s 2
f 704/704/1664 746/746/1665 764/764/1666 765/765/1667
s 3
f 750/750/1668 751/751/1669 741/741/1670 673/673/1671
s 4
f 674/674/1672 755/755/1673 756/756/1674 676/676/1675
s 5
f 749/749/1676 750/750/1677 673/673/1678 675/675/1679
s 1
f 682/682/1680 681/681/1681 687/687/1682 688/688/1683
s 2
f 761/761/1684 762/762/1685 708/708/1686 710/709/1687
s 3
f 681/681/1688 753/753/1689 754/754/1690 687/687/1691
s 1
f 685/685/1692 684/684/1693 681/681/1681 682/682/1680
s 2
f 762/762/1685 763/763/1694 705/705/1695 708/708/1686
s 3
f 684/684/1696 752/752/1697 753/753/1689 681/681/1688
s 1
f 688/688/1683 687/687/1682 674/674/1698 676/676/1699
s 2
f 760/760/1700 761/761/1684 710/709/1687 712/712/1701
s 3
f 687/687/1691 754/754/1690 755/755/1702 674/674/1703
s 9
f 675/675/1704 742/742/1705 743/743/1706 736/736/1707
s 10
f 768/768/1708 749/749/1709 675/675/1710 736/736/1711
s 11
f 682/682/1712 688/688/1713 733/733/1714 734/734/1715
s 12
f 685/685/1716 682/682/1717 734/734/1718 735/735/1719
s 13
f 688/688/1720 676/676/1721 732/732/1722 733/733/1723
s 14
f 676/676/1724 756/756/1725 757/757/1726 732/732/1727
s 15
f 690/690/1728 744/744/1729 745/745/1730 697/697/1731
s 16
f 766/766/1732 767/767/1733 690/690/1734 697/697/1735
s off
f 693/693/1736 694/694/1737 701/701/1738 700/700/1739
f 691/691/1740 693/693/1741 700/700/1742 698/698/1743
f 694/694/1744 695/695/1745 702/702/1746 701/701/1747
s 17
f 695/695/1748 758/758/1749 759/759/1750 702/702/1751
s 18
f 697/697/1752 745/745/1753 746/746/1754 704/704/1755
s 19
f 765/765/1756 766/766/1757 697/697/1758 704/704/1759
s off
f 700/700/1760 701/701/1761 710/709/1762 708/708/1763
f 698/698/1764 700/700/1765 708/708/1766 705/705/1767
f 701/701/1768 702/702/1769 712/712/1770 710/709/1771
s 20
f 702/702/1772 759/759/1773 760/760/1774 712/712/1775
s 21
f 739/739/1776 740/740/1777 679/679/1778 714/714/1779
s off
f 679/679/1780 677/677/1781 716/716/1782 714/714/1783
f 678/678/1784 680/680/1785 718/717/1786 717/718/1787
f 689/689/1788 683/683/1789 719/719/1790 720/720/1791
f 683/683/1792 686/686/1793 715/715/1794 719/719/1795
f 680/680/1796 689/689/1797 720/720/1798 718/717/1799
s 22
f 677/677/1800 737/737/1801 738/738/1802 716/716/1803
s 23
f 730/730/1804 731/731/1805 678/678/1806 717/718/1807
s off
f 692/692/1808 699/699/1809 723/723/1810 721/721/1811
f 703/703/1812 696/696/1813 722/722/1814 724/724/1815
f 699/699/1816 707/707/1817 725/725/1818 723/723/1819
s 24
f 707/707/1820 747/747/1821 748/748/1822 725/725/1823
s off
f 709/711/1824 711/710/1825 728/727/1826 727/728/1827
f 706/706/1828 709/711/1829 727/728/1830 726/726/1831
f 713/713/1832 703/703/1833 724/724/1834 729/729/1835
f 711/710/1836 713/713/1837 729/729/1838 728/727/1839
s 23
f 696/696/1840 731/731/1805 730/730/1804 722/722/1841
s 14
f 732/732/1727 757/757/1726 758/758/1842 695/695/1843
s 13
f 733/733/1723 732/732/1722 695/695/1844 694/694/1845
s 11
f 734/734/1715 733/733/1714 694/694/1846 693/693/1847
s 12
f 735/735/1719 734/734/1718 693/693/1848 691/691/1849
s 9
f 736/736/1707 743/743/1706 744/744/1850 690/690/1851
s 10
f 767/767/1852 768/768/1708 736/736/1711 690/690/1853
s 22
f 738/738/1802 737/737/1801 692/692/1854 721/721/1855
s 21
f 686/686/1856 740/740/1777 739/739/1776 715/715/1857
s 3
f 741/741/1670 751/751/1669 752/752/1697 684/684/1696
s 1
f 742/742/1662 741/741/1661 684/684/1693 685/685/1692
s 9
f 743/743/1706 742/742/1705 685/685/1858 735/735/1859
f 744/744/1850 743/743/1706 735/735/1859 691/691/1860
s 15
f 745/745/1730 744/744/1729 691/691/1861 698/698/1862
s 18
f 746/746/1754 745/745/1753 698/698/1863 705/705/1864
s 2
f 763/763/1694 764/764/1666 746/746/1665 705/705/1695
s 24
f 748/748/1822 747/747/1821 706/706/1865 726/726/1866
s 5
f 679/679/1867 750/750/1677 749/749/1676 677/677/1868
s 3
f 679/679/1869 740/740/1870 751/751/1669 750/750/1668
f 752/752/1697 751/751/1669 740/740/1870 686/686/1871
f 753/753/1689 752/752/1697 686/686/1871 683/683/1872
f 754/754/1690 753/753/1689 683/683/1872 689/689/1873
f 755/755/1702 754/754/1690 689/689/1873 680/680/1874
s 4
f 756/756/1674 755/755/1673 680/680/1875 678/678/1876
s 14
f 757/757/1726 756/756/1725 678/678/1877 731/731/1878
f 758/758/1842 757/757/1726 731/731/1878 696/696/1879
s 17
f 759/759/1750 758/758/1749 696/696/1880 703/703/1881
s 20
f 760/760/1774 759/759/1773 703/703/1882 713/713/1883
s 2
f 711/710/1884 761/761/1684 760/760/1700 713/713/1885
f 709/711/1886 762/762/1685 761/761/1684 711/710/1884
f 706/706/1887 763/763/1694 762/762/1685 709/711/1886
f 747/747/1888 764/764/1666 763/763/1694 706/706/1887
f 765/765/1667 764/764/1666 747/747/1888 707/707/1889
s 19
f 699/699/1890 766/766/1757 765/765/1756 707/707/1891
s 16
f 692/692/1892 767/767/1733 766/766/1732 699/699/1893
s 10
f 737/737/1894 768/768/1708 767/767/1852 692/692/1895
f 677/677/1896 749/749/1709 768/768/1708 737/737/1894
g default
v -0.826073 -0.505246 -0.189247
v 1.216048 -0.481583 -0.194799
v -0.927045 -0.177750 -0.101660
v 1.184686 -0.157492 -0.185909
v -1.088590 -0.254904 -0.621701
v 1.573154 -0.310857 -0.704968
v -0.997771 -0.615879 -0.508342
v 1.414135 -0.626362 -0.745842
v 0.210801 -0.499279 -0.202533
v 0.200542 -0.031886 -0.081517
v 0.189299 -0.773184 -0.401051
v -0.224708 -0.468274 0.083074
v -0.382901 -0.110488 -0.123643
v -0.410803 -0.723465 -0.443505
v 0.698843 -0.491318 -0.098362
v 0.764094 -0.112802 -0.235039
v 0.743109 -0.684057 -0.627323
v -0.755862 1.037983 0.068876
v -0.438366 1.220467 0.221458
v -1.536074 0.503010 -0.685592
v 0.002412 1.251258 0.215158
v 0.612907 0.909865 0.128357
v 0.994952 0.732973 0.007138
v 1.677338 0.269261 -0.840569
v -1.000344 1.757492 0.343051
v -0.565543 1.899562 0.637849
v -1.426997 1.268935 -0.574185
v -0.141401 2.018318 0.447189
v 0.661903 1.660080 0.174151
v 1.101320 1.419319 0.001142
v 1.483112 1.107483 -0.631716
v -1.105844 2.155852 0.417686
v -0.631449 2.255509 0.742266
v -0.956934 2.935550 0.275386
v -1.504027 2.342853 -0.322980
v -0.403344 2.621820 0.631150
v -0.625048 2.954303 -0.311741
v -0.152441 2.523764 0.601288
v 0.610607 2.833210 -0.691494
v 0.510253 2.348657 0.364956
v 1.252617 2.669794 -0.867451
v -1.248225 -0.719600 -0.731683
v -0.720529 -0.555471 -0.812844
v -1.266531 -0.154950 -0.987515
v 1.459588 -0.181351 -1.131104
v 1.419484 -0.468094 -1.084165
v 0.100066 -0.583428 -0.780986
v 0.826974 -0.461258 -1.038820
v -1.474344 0.586560 -1.012190
v 1.660232 0.478283 -1.032462
v -1.290537 1.275500 -1.012885
v 1.503102 1.122894 -1.130934
v -1.365929 2.268331 -0.974654
v -1.195616 2.993671 -0.540093
v -0.635264 3.044799 -0.637750
v 0.625234 2.831615 -1.108608
v 1.443414 2.301238 -1.224811
v 1.482950 0.081267 -1.226895
v 1.655123 -0.101175 -0.854542
v 1.115939 0.220141 -0.126718
v 0.643957 0.361558 -0.052004
v 0.078315 0.496510 0.072657
v -0.306444 0.363220 0.029600
v -0.854816 0.183544 -0.036554
v -1.237891 0.090783 -0.523641
v -1.377946 0.154189 -0.903925
v -0.910756 -0.587498 -0.804415
v -0.612981 -0.670195 -0.489393
v -0.484753 -0.497205 0.021104
v -0.540651 -0.138153 -0.078315
v -0.502199 0.273389 0.012469
v -0.538217 1.150451 0.174113
v -0.759364 1.835801 0.529750
v -0.840411 2.253743 0.638249
v -1.162461 2.806324 0.181640
v -1.312209 2.821323 -0.717897
v -1.045790 -0.251963 -0.408059
v -0.951631 -0.597597 -0.430087
v -0.575640 -0.655419 -0.340797
v -0.386382 -0.694908 -0.279196
v 0.196715 -0.718378 -0.330755
v 0.748176 -0.663882 -0.455551
v 1.384837 -0.631468 -0.569388
v 1.517837 -0.326763 -0.517775
v 1.632296 -0.114411 -0.643641
v 1.641336 0.255257 -0.636167
v 1.475118 1.065407 -0.439163
v 1.154872 2.673104 -0.451493
v 0.462364 2.880517 -0.215967
v -0.538621 2.980994 -0.037596
v -0.869849 2.795540 0.440687
v -1.056294 2.693818 0.364111
v -1.374829 2.348563 0.110538
v -1.245661 1.560508 -0.061780
v -1.355443 0.545365 -0.511416
v -1.155960 0.101856 -0.347852
vt 0.434012 0.407781
vt 0.547583 0.407281
vt 0.433261 0.428475
vt 0.546472 0.420907
vt 0.398919 0.412328
vt 0.578630 0.398931
vt 0.409271 0.387335
vt 0.573723 0.385554
vt 0.494484 0.408664
vt 0.495848 0.434561
vt 0.493367 0.389740
vt 0.467320 0.413714
vt 0.464635 0.432983
vt 0.454488 0.386744
vt 0.523164 0.409246
vt 0.525757 0.426629
vt 0.532945 0.383836
vt 0.453051 0.502388
vt 0.472674 0.508675
vt 0.391186 0.476033
vt 0.494092 0.504920
vt 0.520660 0.481754
vt 0.538386 0.469088
vt 0.590280 0.426045
vt 0.455412 0.544807
vt 0.476990 0.545271
vt 0.400992 0.531490
vt 0.495601 0.541836
vt 0.527779 0.518281
vt 0.546797 0.503047
vt 0.579759 0.480943
vt 0.458596 0.562496
vt 0.478341 0.557699
vt 0.472836 0.586530
vt 0.423409 0.592939
vt 0.488827 0.567142
vt 0.497496 0.562584
vt 0.572568 0.601668
vt 0.488475 0.608897
vt 0.524727 0.551486
vt 0.586994 0.574822
vt 0.375877 0.364556
vt 0.422098 0.364556
vt 0.375877 0.416136
vt 0.602544 0.364556
vt 0.602544 0.384170
vt 0.489590 0.364556
vt 0.553731 0.364556
vt 0.375877 0.482264
vt 0.602544 0.434778
vt 0.375877 0.541567
vt 0.602544 0.479631
vt 0.375877 0.624439
vt 0.447093 0.624439
vt 0.602544 0.624439
vt 0.493009 0.624439
vt 0.602544 0.558776
vt 0.602544 0.402928
vt 0.587133 0.405114
vt 0.543813 0.440293
vt 0.520295 0.452070
vt 0.492131 0.464119
vt 0.471321 0.459295
vt 0.439928 0.451050
vt 0.402339 0.443315
vt 0.375877 0.444336
vt 0.406238 0.364556
vt 0.438774 0.384984
vt 0.455936 0.412597
vt 0.455494 0.431588
vt 0.460184 0.455364
vt 0.466569 0.506067
vt 0.468333 0.544784
vt 0.471334 0.560557
vt 0.462215 0.588467
vt 0.425087 0.624439
vt 0.413352 0.417959
vt 0.416542 0.392811
vt 0.444913 0.393664
vt 0.457612 0.395196
vt 0.493546 0.394552
vt 0.529526 0.391806
vt 0.564988 0.392534
vt 0.568716 0.404606
vt 0.577589 0.410669
vt 0.579735 0.429522
vt 0.570931 0.479239
vt 0.569836 0.569424
vt 0.543661 0.584465
vt 0.490910 0.596007
vt 0.474811 0.579487
vt 0.466689 0.580004
vt 0.444761 0.578542
vt 0.432308 0.541073
vt 0.404181 0.478134
vt 0.414441 0.445390
vn -0.302207 -0.052648 0.951787
vn -0.216411 0.130919 0.967485
vn -0.206369 0.150900 0.966768
vn -0.302207 -0.052648 0.951787
vn -0.684077 0.134404 0.716920
vn -0.576663 0.211453 0.789143
vn -0.681424 0.282251 0.675275
vn -0.802783 0.258131 0.537502
vn -0.213374 -0.916992 0.337043
vn -0.226545 -0.890212 0.395221
vn -0.179240 -0.851522 0.492730
vn -0.246059 -0.860504 0.446081
vn 0.760548 -0.182880 0.622994
vn 0.839929 -0.302609 0.450497
vn 0.811326 -0.253481 0.526780
vn 0.760548 -0.182880 0.622994
vn -0.863176 -0.283932 0.417505
vn -0.879425 -0.267996 0.393432
vn -0.827041 -0.315511 0.465248
vn -0.827041 -0.315511 0.465248
vn 0.139267 0.083060 0.986765
vn 0.130372 0.076456 0.988513
vn 0.051375 0.079823 0.995484
vn 0.051210 0.076643 0.995743
vn 0.277166 0.897250 0.343687
vn 0.146273 0.942606 0.300163
vn 0.127659 0.813374 0.567562
vn 0.291371 0.795604 0.531147
vn 0.120081 -0.766958 0.630362
vn 0.096227 -0.833398 0.544232
vn 0.114342 -0.910335 0.397765
vn 0.089568 -0.851342 0.516908
vn 0.162425 0.193418 0.967578
vn 0.134175 0.214846 0.967387
vn -0.142030 0.679458 0.719837
vn -0.267284 0.515572 0.814091
vn 0.058789 -0.800345 0.596650
vn 0.017612 -0.842183 0.538904
vn 0.056138 0.176037 0.982782
vn 0.056138 0.176037 0.982782
vn 0.354542 0.881559 0.311694
vn 0.403787 0.691101 0.599447
vn 0.095741 -0.965694 0.241389
vn 0.110797 -0.896859 0.428215
vn -0.062922 -0.188671 0.980023
vn 0.003546 -0.216888 0.976190
vn -0.104265 -0.185453 0.977106
vn -0.126461 -0.169107 0.977451
vn -0.751427 -0.099437 0.652280
vn -0.850085 -0.263191 0.456164
vn -0.801049 -0.144302 0.580945
vn -0.714433 -0.040721 0.698518
vn 0.180322 -0.274085 0.944649
vn 0.180322 -0.274085 0.944649
vn 0.145510 -0.260362 0.954484
vn 0.102926 -0.243166 0.964508
vn -0.019721 -0.294048 0.955587
vn -0.019721 -0.294048 0.955587
vn -0.006899 -0.224119 0.974537
vn -0.014199 -0.264055 0.964403
vn -0.030802 -0.279650 0.959608
vn -0.030802 -0.279650 0.959608
vn 0.012752 -0.276365 0.960968
vn 0.087446 -0.269498 0.959023
vn 0.713643 0.023826 0.700104
vn 0.753784 -0.014291 0.656966
vn 0.805790 -0.048927 0.590176
vn 0.699902 -0.017604 0.714022
vn -0.323797 -0.474324 0.818640
vn -0.309847 -0.480171 0.820628
vn -0.248454 -0.504257 0.827040
vn -0.323797 -0.474324 0.818640
vn -0.621454 -0.317619 0.716180
vn -0.807643 -0.138736 0.573119
vn -0.573700 -0.352956 0.739114
vn -0.573700 -0.352956 0.739114
vn 0.164405 -0.167713 0.972030
vn 0.164405 -0.167713 0.972031
vn 0.164405 -0.167713 0.972030
vn 0.164405 -0.167713 0.972030
vn 0.265319 -0.352637 0.897359
vn 0.265319 -0.352637 0.897359
vn 0.265319 -0.352637 0.897359
vn 0.265319 -0.352637 0.897359
vn 0.309526 -0.059767 0.949011
vn 0.309526 -0.059767 0.949011
vn 0.309526 -0.059767 0.949011
vn 0.309526 -0.059767 0.949011
vn 0.702322 -0.062421 0.709117
vn 0.875778 0.048929 0.480228
vn 0.774467 -0.021856 0.632237
vn 0.702322 -0.062421 0.709117
vn -0.532553 -0.299318 0.791704
vn -0.503294 -0.303101 0.809212
vn -0.463520 -0.307574 0.830992
vn -0.532553 -0.299318 0.791704
vn -0.872684 -0.217172 0.437332
vn -0.893098 -0.201907 0.402008
vn -0.779363 -0.271678 0.564609
vn -0.779363 -0.271678 0.564609
vn 0.148506 -0.285423 0.946826
vn 0.148506 -0.285423 0.946826
vn 0.148506 -0.285423 0.946826
vn 0.148506 -0.285423 0.946826
vn 0.477636 -0.099168 0.872943
vn 0.477636 -0.099168 0.872943
vn 0.477636 -0.099168 0.872943
vn 0.477636 -0.099168 0.872943
vn 0.273781 -0.200368 0.940690
vn 0.273781 -0.200368 0.940690
vn 0.273781 -0.200368 0.940690
vn 0.273781 -0.200368 0.940690
vn 0.765016 0.189526 0.615492
vn 0.872236 0.191881 0.449874
vn 0.864359 0.191972 0.464790
vn 0.765016 0.189526 0.615492
vn 0.051596 -0.982817 -0.177224
vn 0.030862 -0.974557 -0.222006
vn 0.102054 -0.992642 -0.065160
vn 0.102054 -0.992642 -0.065160
vn -0.801513 0.137613 0.581928
vn -0.801513 0.137613 0.581928
vn -0.801513 0.137613 0.581928
vn -0.801513 0.137613 0.581928
vn 0.919635 -0.306535 -0.245577
vn 0.919635 -0.306535 -0.245577
vn 0.919635 -0.306535 -0.245577
vn 0.919635 -0.306535 -0.245577
vn -0.028346 -0.886475 -0.461907
vn -0.028346 -0.886475 -0.461907
vn -0.028346 -0.886475 -0.461907
vn -0.028346 -0.886475 -0.461907
vn -0.027731 -0.907728 -0.418641
vn -0.027731 -0.907728 -0.418641
vn -0.027731 -0.907729 -0.418641
vn -0.027731 -0.907729 -0.418641
vn -0.023195 -0.890122 -0.455131
vn -0.023195 -0.890122 -0.455131
vn -0.023195 -0.890122 -0.455131
vn -0.023195 -0.890122 -0.455131
vn -0.864145 -0.420674 0.276202
vn -0.889842 -0.423954 0.168655
vn -0.895846 -0.423903 0.133286
vn -0.864145 -0.420674 0.276202
vn 0.888158 -0.204274 -0.411641
vn 0.852749 -0.297630 -0.429227
vn 0.796843 -0.408823 -0.444866
vn 0.796843 -0.408822 -0.444866
vn -0.952443 0.208640 -0.222087
vn -0.952443 0.208640 -0.222087
vn -0.952443 0.208640 -0.222087
vn -0.952443 0.208640 -0.222087
vn 0.971442 0.224454 0.076943
vn 0.971442 0.224454 0.076943
vn 0.971442 0.224454 0.076943
vn 0.971442 0.224455 0.076943
vn -0.969596 -0.037645 -0.241800
vn -0.969596 -0.037645 -0.241800
vn -0.969596 -0.037645 -0.241800
vn -0.969596 -0.037645 -0.241800
vn -0.930175 0.367049 -0.007099
vn -0.844804 0.523502 0.110687
vn -0.913511 0.406259 0.021234
vn -0.930175 0.367049 -0.007099
vn 0.171210 0.978139 0.118032
vn 0.171210 0.978139 0.118032
vn 0.171210 0.978139 0.118032
vn 0.171210 0.978139 0.118032
vn 0.018357 0.991969 0.125146
vn 0.018357 0.991969 0.125146
vn 0.018357 0.991969 0.125146
vn 0.018357 0.991969 0.125146
vn 0.974112 0.125735 0.187873
vn 0.974112 0.125735 0.187873
vn 0.974112 0.125735 0.187873
vn 0.974112 0.125735 0.187873
vn 0.351679 0.877484 -0.326103
vn 0.351679 0.877484 -0.326103
vn 0.351679 0.877484 -0.326103
vn 0.351679 0.877484 -0.326103
vn 0.909629 -0.129243 -0.394807
vn 0.909629 -0.129243 -0.394807
vn 0.761969 -0.030157 0.646911
vn 0.696793 -0.026402 0.716786
vn 0.120295 -0.265980 0.956443
vn 0.120295 -0.265979 0.956443
vn 0.079634 -0.233573 0.969073
vn 0.079634 -0.233573 0.969073
vn -0.003150 -0.203484 0.979073
vn -0.003150 -0.203484 0.979073
vn -0.139507 -0.184835 0.972817
vn -0.211414 -0.141486 0.967102
vn -0.712666 -0.059320 0.698991
vn -0.696273 -0.021794 0.717446
vn -0.907549 -0.419735 0.013301
vn -0.907549 -0.419735 0.013301
vn -0.019778 -0.944342 -0.328369
vn -0.019778 -0.944342 -0.328369
vn 0.169138 -0.282262 0.944310
vn -0.063936 -0.218970 0.973635
vn -0.099759 -0.207992 0.973030
vn -0.201783 -0.520839 0.829464
vn -0.201783 -0.520839 0.829464
vn -0.402163 -0.313077 0.860376
vn -0.402163 -0.313077 0.860376
vn -0.753511 0.627101 0.197397
vn -0.753511 0.627101 0.197397
vn -0.931937 -0.205333 0.298884
vn -0.931937 -0.205333 0.298884
vn -0.171039 -0.964035 0.203427
vn -0.202949 -0.958967 0.197976
vn -0.139427 -0.948525 0.284358
vn 0.090365 -0.946350 0.310250
vn 0.105768 -0.989611 0.097384
vn 0.077233 -0.995834 0.048468
vn 0.879523 -0.440832 0.179181
vn 0.879523 -0.440832 0.179181
vn 0.930681 -0.329688 0.158555
vn 0.983388 -0.111622 0.143135
vn 0.989491 -0.045763 0.137164
vn 0.974526 0.180233 0.133474
vn 0.974526 0.180233 0.133474
vn 0.966758 0.182012 0.179586
vn 0.966758 0.182012 0.179586
vn 0.210541 0.977458 -0.015764
vn 0.273653 0.961601 0.020910
vn 0.075085 0.994115 -0.078083
vn -0.089560 0.930872 0.354199
vn -0.816979 0.368778 0.443337
vn -0.858102 0.338065 0.386488
vn -0.915625 -0.182839 0.358051
vn -0.915625 -0.182839 0.358051
vn -0.874601 -0.044608 0.482786
vn -0.874601 -0.044608 0.482786
vn -0.824801 -0.293348 0.483373
vn -0.765350 -0.214237 0.606912
vn -0.872707 -0.390135 0.293558
s 1
g pasted__pCube1 group3
usemtl initialShadingGroup
f 769/769/1897 837/837/1898 838/838/1899 771/771/1900
s 2
f 800/800/1901 842/842/1902 860/860/1903 861/861/1904
s 3
f 846/846/1905 847/847/1906 837/837/1907 769/769/1908
s 4
f 770/770/1909 851/851/1910 852/852/1911 772/772/1912
s 5
f 845/845/1913 846/846/1914 769/769/1915 771/771/1916
s 1
f 778/778/1917 777/777/1918 783/783/1919 784/784/1920
s 2
f 857/857/1921 858/858/1922 804/804/1923 806/805/1924
s 3
f 777/777/1925 849/849/1926 850/850/1927 783/783/1928
s 1
f 781/781/1929 780/780/1930 777/777/1918 778/778/1917
s 2
f 858/858/1922 859/859/1931 801/801/1932 804/804/1923
s 3
f 780/780/1933 848/848/1934 849/849/1926 777/777/1925
s 1
f 784/784/1920 783/783/1919 770/770/1935 772/772/1936
s 2
f 856/856/1937 857/857/1921 806/805/1924 808/808/1938
s 3
f 783/783/1928 850/850/1927 851/851/1939 770/770/1940
s 9
f 771/771/1941 838/838/1942 839/839/1943 832/832/1944
s 10
f 864/864/1945 845/845/1946 771/771/1947 832/832/1948
s 11
f 778/778/1949 784/784/1950 829/829/1951 830/830/1952
s 12
f 781/781/1953 778/778/1954 830/830/1955 831/831/1956
s 13
f 784/784/1957 772/772/1958 828/828/1959 829/829/1960
s 14
f 772/772/1961 852/852/1962 853/853/1963 828/828/1964
s 15
f 786/786/1965 840/840/1966 841/841/1967 793/793/1968
s 16
f 862/862/1969 863/863/1970 786/786/1971 793/793/1972
s off
f 789/789/1973 790/790/1974 797/797/1975 796/796/1976
f 787/787/1977 789/789/1978 796/796/1979 794/794/1980
f 790/790/1981 791/791/1982 798/798/1983 797/797/1984
s 17
f 791/791/1985 854/854/1986 855/855/1987 798/798/1988
s 18
f 793/793/1989 841/841/1990 842/842/1991 800/800/1992
s 19
f 861/861/1993 862/862/1994 793/793/1995 800/800/1996
s off
f 796/796/1997 797/797/1998 806/805/1999 804/804/2000
f 794/794/2001 796/796/2002 804/804/2003 801/801/2004
f 797/797/2005 798/798/2006 808/808/2007 806/805/2008
s 20
f 798/798/2009 855/855/2010 856/856/2011 808/808/2012
s 21
f 835/835/2013 836/836/2014 775/775/2015 810/810/2016
s off
f 775/775/2017 773/773/2018 812/812/2019 810/810/2020
f 774/774/2021 776/776/2022 814/813/2023 813/814/2024
f 785/785/2025 779/779/2026 815/815/2027 816/816/2028
f 779/779/2029 782/782/2030 811/811/2031 815/815/2032
f 776/776/2033 785/785/2034 816/816/2035 814/813/2036
s 22
f 773/773/2037 833/833/2038 834/834/2039 812/812/2040
s 23
f 826/826/2041 827/827/2042 774/774/2043 813/814/2044
s off
f 788/788/2045 795/795/2046 819/819/2047 817/817/2048
f 799/799/2049 792/792/2050 818/818/2051 820/820/2052
f 795/795/2053 803/803/2054 821/821/2055 819/819/2056
s 24
f 803/803/2057 843/843/2058 844/844/2059 821/821/2060
s off
f 805/807/2061 807/806/2062 824/823/2063 823/824/2064
f 802/802/2065 805/807/2066 823/824/2067 822/822/2068
f 809/809/2069 799/799/2070 820/820/2071 825/825/2072
f 807/806/2073 809/809/2074 825/825/2075 824/823/2076
s 23
f 792/792/2077 827/827/2042 826/826/2041 818/818/2078
s 14
f 828/828/1964 853/853/1963 854/854/2079 791/791/2080
s 13
f 829/829/1960 828/828/1959 791/791/2081 790/790/2082
s 11
f 830/830/1952 829/829/1951 790/790/2083 789/789/2084
s 12
f 831/831/1956 830/830/1955 789/789/2085 787/787/2086
s 9
f 832/832/1944 839/839/1943 840/840/2087 786/786/2088
s 10
f 863/863/2089 864/864/1945 832/832/1948 786/786/2090
s 22
f 834/834/2039 833/833/2038 788/788/2091 817/817/2092
s 21
f 782/782/2093 836/836/2014 835/835/2013 811/811/2094
s 3
f 837/837/1907 847/847/1906 848/848/1934 780/780/1933
s 1
f 838/838/1899 837/837/1898 780/780/1930 781/781/1929
s 9
f 839/839/1943 838/838/1942 781/781/2095 831/831/2096
f 840/840/2087 839/839/1943 831/831/2096 787/787/2097
s 15
f 841/841/1967 840/840/1966 787/787/2098 794/794/2099
s 18
f 842/842/1991 841/841/1990 794/794/2100 801/801/2101
s 2
f 859/859/1931 860/860/1903 842/842/1902 801/801/1932
s 24
f 844/844/2059 843/843/2058 802/802/2102 822/822/2103
s 5
f 775/775/2104 846/846/1914 845/845/1913 773/773/2105
s 3
f 775/775/2106 836/836/2107 847/847/1906 846/846/1905
f 848/848/1934 847/847/1906 836/836/2107 782/782/2108
f 849/849/1926 848/848/1934 782/782/2108 779/779/2109
f 850/850/1927 849/849/1926 779/779/2109 785/785/2110
f 851/851/1939 850/850/1927 785/785/2110 776/776/2111
s 4
f 852/852/1911 851/851/1910 776/776/2112 774/774/2113
s 14
f 853/853/1963 852/852/1962 774/774/2114 827/827/2115
f 854/854/2079 853/853/1963 827/827/2115 792/792/2116
s 17
f 855/855/1987 854/854/1986 792/792/2117 799/799/2118
s 20
f 856/856/2011 855/855/2010 799/799/2119 809/809/2120
s 2
f 807/806/2121 857/857/1921 856/856/1937 809/809/2122
f 805/807/2123 858/858/1922 857/857/1921 807/806/2121
f 802/802/2124 859/859/1931 858/858/1922 805/807/2123
f 843/843/2125 860/860/1903 859/859/1931 802/802/2124
f 861/861/1904 860/860/1903 843/843/2125 803/803/2126
s 19
f 795/795/2127 862/862/1994 861/861/1993 803/803/2128
s 16
f 788/788/2129 863/863/1970 862/862/1969 795/795/2130
s 10
f 833/833/2131 864/864/1945 863/863/2089 788/788/2132
f 773/773/2133 845/845/1946 864/864/1945 833/833/2131
